Weight(kg),Height(cm),Age,Brand,Item,Size
62.647337507392415,172.9655840069934,41.1,Adidas,Jeans,M
65.8942565490214,165.55800326807613,28.4,H&M,T-Shirt,M
65.23185040632123,162.91170097765527,28.5,Uniqlo,Jeans,M
50.21581840075344,154.8880460495885,29.7,Zara,Shirt,S
94.8576158323166,182.285857613042,27.79030400466777,Zara,Jacket,XXL
52.75009424693271,155.69742191481353,36.0,H&M,Jeans,S
52.19435288188269,159.38850285042685,30.8,Uniqlo,T-Shirt,S
75.73581257387522,165.53440377688707,20.5,Nike,Jacket,L
88.90076614980393,176.30220591985383,20.6,Adidas,Dress,XL
67.82054278286044,170.7172639170624,16.3,H&M,Shirt,M
70.28648179903374,167.49078642103854,42.4,Uniqlo,Jacket,M
83.97360854304118,168.47121023814276,21.1,Zara,,L
58.42352841055916,165.21447916055448,27.5,Uniqlo,Shirt,M
101.63552677643455,185.88918534541023,22.031047445295236,Adidas,Dress,XXL
62.79736588192448,161.31131562464324,37.9,H&M,Jacket,M
71.52355222084938,177.7714217320721,22.2,Adidas,Jeans,L
60.90310400879162,160.08761143955383,32.6,H&M,T-Shirt,S
55.84435221622463,,33.2,Nike,Dress,S
58.5100799643625,158.833317536632,40.2,Adidas,Jeans,M
48.17090412820757,154.33872676423857,31.990596955734706,Uniqlo,Dress,XS
88.36829472149412,181.10886094759857,46.76437312275283,Nike,Jacket,XXL
,177.91660493607617,46.5,Zara,T-Shirt,L
94.59752943842567,175.84632798167087,22.36740843457483,Nike,Jacket,XXL
64.28755157316763,165.0933612019027,22.4,Zara,Jacket,M
45.89573294832844,152.76699174691547,19.4,Uniqlo,Shirt,XS
81.48709629228303,174.2660684821908,38.5,Uniqlo,Jeans,L
70.96932549135684,172.08953469104446,29.3,Nike,Shirt,M
93.02676195816834,188.29972811176202,33.41755975777159,Adidas,Dress,XXL
60.92772064360808,179.4782674304282,18.3,Nike,Jeans,M
57.10117599725911,159.02876119443394,21.4,Nike,Jacket,S
87.94768933964538,189.3288474413299,21.6,Zara,Jeans,XXL
66.61861709690685,168.36934254262118,34.9,Zara,Jacket,M
81.73717696769567,183.58108945079243,28.9,Zara,Jacket,XL
63.30939744928264,173.04663096501534,31.6,Adidas,Shirt,L
77.57611432386456,174.6205391438135,42.3,H&M,Jeans,L
46.65921960278527,147.7428472002074,41.63163752154959,Zara,Dress,XS
77.37696419423062,170.76588498923007,23.5,H&M,Jacket,L
85.58104392343552,184.60709370477838,22.515134634434464,Zara,Dress,XXL
99.52065668923123,166.34322710815331,39.71570950954356,Uniqlo,Dress,XXL
48.36969087143549,155.32924344352966,,Uniqlo,Jeans,XS
66.49750411474034,176.67590214302828,26.2,Adidas,T-Shirt,L
68.38223575653983,162.58168596877258,35.2,,,M
101.12336804873263,179.11592855976625,34.919191715065054,H&M,Jeans,XXL
77.39050177190022,173.9621945403052,20.2,Zara,Jeans,L
69.11253697747853,186.66105135553028,25.6,Nike,Jeans,L
48.399341905975746,151.6783351507395,20.4,Uniqlo,Dress,XS
54.676438600802115,157.97135205376898,14.0,Zara,Jeans,S
71.92076427109544,169.2378412978191,31.5,Zara,T-Shirt,L
88.2386054647395,173.75115218986966,39.1,H&M,Dress,XL
48.87404267990195,159.15416235464116,14.0,Nike,T-Shirt,S
86.83398885477172,183.96499755724514,16.01432426180859,H&M,Dress,XXL
71.20828403123367,155.95487622930986,40.4,,Dress,M
60.55900075546059,176.16352616931036,42.6,Adidas,Shirt,L
78.47024261375617,171.19305355516914,38.0,Adidas,T-Shirt,L
75.9754795436007,173.9979299744667,43.5,Nike,T-Shirt,XL
61.52729214414271,162.01916504924688,49.1,Zara,Dress,M
75.67319191137925,174.73130489405352,37.3,Uniqlo,Shirt,L
78.99959296230482,167.72088316587818,20.2,H&M,Jeans,L
100.03403347210627,179.99469605028247,41.195749114345766,Adidas,Jeans,XXL
80.03377232650938,177.20662456542178,36.5,Uniqlo,Jeans,XL
92.35028905702278,177.2287920637422,36.8,Uniqlo,Jeans,XXL
52.72428632058689,161.67529238503136,25.8,H&M,T-Shirt,S
62.75290610030268,161.13283121081997,20.4,,Shirt,M
66.76458410404388,168.01564163784457,21.6,Nike,T-Shirt,M
44.59004931712987,161.95511764258447,14.0,Adidas,Shirt,S
66.32594231534304,171.83560005944992,25.7,H&M,Jacket,L
66.51236056474964,165.1179391062285,21.2,Zara,Jeans,M
76.451881293293,174.04275699536672,38.6,Uniqlo,Shirt,L
64.88069305538211,174.36591507088605,25.6,Adidas,Shirt,M
60.2146869552392,160.09635226244882,22.0,H&M,Jacket,M
95.75770708216953,180.58258455605628,16.8,Uniqlo,Shirt,XXL
62.39601355675452,170.72370405291997,36.5,Nike,T-Shirt,M
86.54746683951235,186.17998545075207,25.919246269784487,Adidas,Dress,XXL
86.9929733178104,177.25756689951913,28.3,Adidas,Dress,XL
73.9981903039749,184.17606551006145,30.2,H&M,Jeans,XL
56.29191922220703,160.03193311564613,,H&M,Jeans,S
60.85600903233348,168.00224831227513,24.2,Nike,Jacket,M
51.179652295475094,154.73942551834855,,H&M,Dress,XS
78.97618593178565,176.53497091351122,32.0,Adidas,Jeans,L
89.79435399709831,184.89180210657125,15.0,Adidas,T-Shirt,XXL
47.85687460397676,149.4338281664567,21.9,Zara,Shirt,XS
50.63805366565759,157.69868804774381,14.4,Nike,Jacket,S
60.148749199750185,170.57259940999816,19.5,Nike,T-Shirt,M
53.07509381612157,154.97382106971006,31.86454314769428,,Jacket,XS
59.80632848991678,165.64307043943262,26.0,Nike,T-Shirt,M
102.78564725652535,181.64371033423927,30.052436997181832,Uniqlo,Jacket,XXL
60.31849794919606,176.15683183070743,30.1,Nike,Shirt,M
51.506533956711195,161.3650550587489,27.0,Adidas,Jacket,S
66.4268006385964,164.9163960793,39.0,H&M,Dress,M
86.01481248029468,172.00827804398665,25.2,H&M,T-Shirt,XL
83.07427287383568,173.89087584652174,14.0,Nike,T-Shirt,L
46.11790807757514,159.81100074565205,15.641378488205609,Zara,Jeans,XS
83.10051802428268,179.0602976635084,14.0,H&M,Jacket,XL
60.03844339609433,156.59791445519386,32.5,Nike,Jeans,
45.350389778612815,157.24344186927195,30.2,Adidas,,S
59.11434551251792,153.93416958646844,40.0,Uniqlo,Jacket,S
47.373229073774276,153.7194549639741,42.1,H&M,,XS
90.5,174.1,31.8,Uniqlo,Dress,
65.2,164.3,32.5,Nike,T-Shirt,
83.76109882096702,164.869170368348,31.1,H&M,Dress,L
66.43090985494665,175.666046431319,14.0,Uniqlo,Jacket,L
59.295484580652975,172.04336874512856,14.0,H&M,Dress,M
86.21995946917437,171.66405832356145,22.7,H&M,T-Shirt,XL
50.71392905233469,160.1051330277214,,Zara,,S
60.497278297788455,,33.8,Nike,T-Shirt,L
56.321489251987806,156.45451582333126,25.5,Uniqlo,T-Shirt,S
80.38348059043258,171.21059383254496,23.1,Zara,T-Shirt,L
78.45920653334686,176.1401580898713,33.9,Zara,Jacket,XL
86.56246295532594,173.42495721041283,24.0,Zara,Jeans,XL
69.7572519849055,168.68856700169155,25.8,H&M,,M
51.461640824631786,157.47512186974654,22.7,Zara,Dress,S
52.167984704613126,155.44064328871124,36.0,H&M,Jeans,S
105.51283190846202,180.5704213073731,43.68631557532349,Nike,T-Shirt,XXL
59.237309998551304,164.58953264836245,39.3,Uniqlo,Shirt,M
54.97784304604165,165.34995208590516,35.3,Uniqlo,Jeans,S
79.28087065886507,169.5498745596499,25.6,Uniqlo,,L
64.03951374094986,167.79102285742644,14.6,Zara,T-Shirt,M
72.86412806221834,172.583716854597,30.5,Uniqlo,T-Shirt,L
73.03245665043517,179.72140292346378,41.2,Adidas,Jeans,L
103.01410508148334,188.94814340179755,26.484865159586917,Zara,Dress,XXL
71.90927181250248,173.86401286180438,14.0,Nike,T-Shirt,M
46.30100583161039,154.41972719841215,32.5,H&M,Jeans,S
77.47618378615641,174.3467447146754,18.8,Adidas,Dress,XL
55.78971250425258,154.1406256482395,37.5,,Jacket,S
74.96741511571108,184.09783489640373,35.8,,Shirt,L
66.45031699963201,163.1611686546312,26.0,Nike,T-Shirt,M
61.026908673033155,164.4696745411246,27.0,H&M,Shirt,M
57.35955297502843,159.28237185294122,28.1,Zara,T-Shirt,S
53.02765891033626,158.18828092074355,15.8,Uniqlo,T-Shirt,S
53.04753912526946,,21.7,Uniqlo,Dress,M
92.78854497980089,170.80925658418172,,Uniqlo,T-Shirt,XXL
66.40033786029704,162.9134343167767,25.7,Zara,Jeans,M
,169.46717811157095,,Zara,T-Shirt,M
53.85967170903024,159.29485398004007,25.4,Adidas,T-Shirt,S
73.02928916744358,170.10866995082526,42.6,Uniqlo,Shirt,M
63.64978069403179,164.53602985582103,,Zara,Jacket,S
,154.22025855078246,29.9,Zara,Jacket,XS
72.40093335123224,165.07473479218132,18.3,Zara,Jeans,M
68.55912280988423,168.20619345624465,54.2,Uniqlo,Jeans,M
64.5,162.4,28.5,Zara,Jeans,
48.14536546029763,155.1295549679049,28.2,Adidas,Jacket,XS
47.71754734845245,147.38621348290445,14.0,H&M,Dress,XS
74.08614578942701,162.76914027513655,37.0,Adidas,Jeans,L
46.28132958830447,150.6097285213104,18.1,Zara,Dress,XS
64.95304423980322,172.26807552696346,45.9,H&M,Dress,L
72.98445755243014,162.20772247157225,35.3,Uniqlo,Jacket,M
66.98119259068595,166.29941326008023,14.0,Uniqlo,,M
98.93940976134759,179.82688295493884,32.1,Zara,Jeans,XXL
68.4,157.5,34.4,Adidas,Shirt,
45.47476646260672,159.72536433703607,26.6,Zara,Dress,S
50.30502119035893,149.05836220368028,14.0,H&M,Dress,XS
77.27334257899892,176.52636476754836,39.7,Nike,Dress,L
49.635416252808675,145.08648160963028,38.496020970210246,Uniqlo,Dress,XS
55.096964976942154,161.8074574628103,25.2,H&M,Dress,S
49.52041616462075,151.04052065532488,36.81952971294964,Zara,Jeans,XS
80.83572265479764,177.62261822623276,37.4,Adidas,Jacket,XL
58.07787885954904,161.43751017329367,30.3,Uniqlo,T-Shirt,S
79.96420025377043,170.4642860507196,25.4,H&M,Jacket,L
44.03035016613461,151.11310875509415,20.73069528421917,Zara,Jacket,XS
86.53929278018936,176.2898915025939,22.5,Zara,Shirt,L
58.295946126601706,155.30910097957917,21.2,Nike,Jeans,S
62.75593677522456,170.2225847298518,17.0,Uniqlo,Shirt,M
89.97368787959418,176.48728511711235,21.7,Adidas,Jacket,XL
,174.50145346377687,22.7,Nike,Jacket,M
65.92881403663988,159.61423618601617,56.7,Nike,Jacket,M
70.58394485240882,168.90748966243262,55.2,Adidas,T-Shirt,L
87.39786575135433,168.03037852092618,26.4,Zara,Dress,XL
80.21408181418911,,22.9,H&M,Jacket,L
56.60087335057639,161.44240484693293,22.5,Nike,Jacket,S
64.71244446610356,171.50729081703378,23.1,Nike,Jacket,M
67.24893768317287,166.88229495964717,38.6,Adidas,Jeans,M
71.9816751151006,180.4353097024606,40.4,H&M,Dress,L
53.617506992707426,159.578436847168,38.0,Nike,Dress,S
75.71650826981852,173.29606745978006,27.8,H&M,T-Shirt,L
52.03583941901953,157.09564552586895,19.8,Adidas,Jeans,S
61.31798272005165,157.46610630012498,27.4,Uniqlo,Dress,M
66.95756619888543,170.84152746422575,,Nike,Jacket,M
78.17755685732439,169.13484402635495,26.7,Adidas,Jeans,L
69.85768282871123,169.0372379512878,27.4,Nike,Jacket,M
77.76541192181253,167.72275662592324,29.0,Nike,Jeans,L
99.21021706677647,176.6696452702889,35.14438834058749,Zara,Jeans,XXL
70.3,168.5,15.3,Nike,T-Shirt,
67.51675915870338,169.9929943083271,33.2,Adidas,T-Shirt,L
48.59217856280046,153.89306428444814,37.91662693962936,Adidas,Jeans,XS
73.63305423709198,186.45516687841996,23.3,Adidas,Jacket,L
82.72883019453484,158.64974553582357,20.5,Nike,Shirt,L
86.27966315170607,172.4130426812154,29.8,Uniqlo,Dress,
81.34098604994651,185.63324826029847,30.48521627944827,Uniqlo,Jacket,XXL
96.88166289148977,173.02277712707024,22.4,,Jeans,XL
73.80883371506283,168.17262577243866,32.0,H&M,Jeans,M
103.35266860968635,177.8600472905753,16.17200269035664,Uniqlo,Shirt,XXL
72.84543459173803,166.89000398872838,19.9,Zara,Shirt,L
50.33630770887089,152.7813908871128,33.57015485965047,,T-Shirt,XS
53.458372125927696,156.03575419119628,26.0,Nike,Jacket,M
81.69203757372954,165.21426422999204,26.3,Nike,Shirt,L
65.96976275144414,173.40827717454928,18.8,Zara,Jeans,
106.78114458839599,172.54730993482434,41.9,Zara,Jeans,XXL
60.70073686773925,168.52097153217903,,Nike,Shirt,M
55.912878171657916,160.05115854257355,,Nike,Dress,S
77.69838521650391,180.5982097035155,36.0,Nike,T-Shirt,XL
88.02646869878737,,29.37320902726828,Uniqlo,Dress,XXL
61.484222199202975,170.877528201939,26.1,H&M,Jacket,M
74.59804051434934,176.4952658403943,30.0,Uniqlo,Shirt,L
59.533964134410596,158.32509932569366,27.4,Zara,Dress,S
72.23223050674596,166.27307920766802,25.6,Adidas,Shirt,L
56.477726682033165,155.6831382381035,25.8,Zara,Jeans,S
60.502299131844126,159.7827330694541,32.5,Nike,Shirt,S
54.059732269163305,163.60583361542427,35.2,Adidas,Shirt,M
70.38026215635828,168.81694737543188,24.7,Nike,T-Shirt,M
60.61153592946835,161.89206632844986,29.1,Uniqlo,Jacket,M
49.204430127971094,158.26666339004166,30.0,,Jacket,
85.32604688209838,183.3718081397288,19.6,Adidas,Jeans,XL
94.34260730882959,185.41655655282065,38.1,Adidas,Shirt,XL
77.5743164819604,168.24093008259285,,Nike,Shirt,L
75.23402418588596,165.64119135842722,46.2,H&M,Jeans,M
49.3484316535085,152.66382101469938,37.9,Adidas,T-Shirt,XS
68.99533600719566,176.39649073397769,20.5,H&M,Dress,M
67.32557764525922,170.4736306081804,,H&M,Jacket,L
64.47183198480377,165.41607767536374,27.8,H&M,Shirt,M
75.3941898668041,170.25517185783613,14.0,Adidas,Jeans,L
56.58223774748926,167.937951880548,14.1,Zara,,M
46.734291698909644,148.54952987558775,46.32411303931635,H&M,Jeans,XS
44.99035179987301,148.66457294142816,27.0,Zara,Jacket,XS
78.17443857932749,166.30969392134952,28.7,Nike,Jacket,L
59.96641064397766,166.8403360262295,32.6,Zara,Jeans,M
77.6546691903752,167.17712956458877,32.9,H&M,Dress,L
82.13297019041985,171.09707205788777,32.9,Zara,Jacket,L
58.30950688825462,156.0717169902901,24.2,Nike,Jacket,
89.35955543025574,187.61025098025675,35.7707212718054,Adidas,T-Shirt,XXL
67.80937318077044,176.9650141513191,19.8,Uniqlo,Jacket,L
60.12459095225714,161.29274990909272,38.1,Zara,Dress,S
58.9,157.3,27.2,Nike,Jeans,
71.93297513896994,163.52721220149363,39.2,Nike,Jacket,M
71.59096281866303,166.33221735310235,37.9,Nike,Jeans,M
64.66436635565168,170.93188842197762,14.0,Uniqlo,Shirt,M
66.92090001824224,161.30053541962857,20.0,Uniqlo,Dress,M
,178.93377961879844,30.2,Uniqlo,Jeans,L
65.08055046095585,162.98456736554857,42.8,H&M,Jeans,M
103.06365063497236,184.2424449420983,15.0,Uniqlo,Jeans,XXL
67.5992327794389,154.67263411214617,29.1,Zara,Jeans,M
69.15836687669197,171.3461306890693,33.9,Uniqlo,Jeans,L
75.95541895386421,176.9563420013378,36.5,H&M,Jeans,L
55.682705458504785,159.75951643946632,24.6,Adidas,Jeans,S
64.02882584901667,163.69911530835682,14.0,Nike,Shirt,M
90.51270828006417,176.8164283819116,35.43360192379935,Nike,Dress,XXL
58.87234559630126,157.93660960801503,34.5,Zara,Jeans,S
60.81418538349667,163.88871070667406,45.6,H&M,Shirt,M
69.15672209859206,179.03909101797024,27.1,Nike,Dress,L
55.53264397928123,155.7424049301285,25.4,Adidas,Jeans,S
79.18762194254934,174.9398639008728,34.7,Uniqlo,Jeans,XL
57.1318963879692,169.70218760058262,26.8,Adidas,Jeans,M
55.8292668853695,165.80646072931313,36.5,Uniqlo,Jeans,M
71.76189746803156,169.17890131286464,26.9,Adidas,Jacket,M
65.30556165738241,164.94784485991474,28.4,Adidas,Jacket,M
77.44213587305873,168.78230754182854,17.7,Zara,Jeans,L
59.95686592963216,169.85500162234348,44.4,Uniqlo,Jacket,M
42.7432577183815,152.39410784314492,35.883172064845766,Zara,Dress,XS
50.31226119646978,157.33909856509518,26.89733243406544,Zara,Dress,XS
51.75037850046839,156.91898128731586,18.9,Adidas,Shirt,S
64.60182029386169,165.87322944643827,33.0,Zara,Jacket,M
79.86212691844518,172.20518702975266,42.3,,T-Shirt,
54.24411840085644,161.45320983193903,15.6,Nike,Dress,S
81.5525018016674,175.6171434078148,,H&M,T-Shirt,L
58.67525814874207,163.78704854353114,22.8,H&M,Dress,M
57.26941183616461,159.8827989808476,18.9,Uniqlo,Jacket,S
50.70301458237384,153.17222212476426,35.2,H&M,Shirt,XS
94.06405366306382,175.90967525517692,40.58424486849588,Zara,Jeans,XXL
94.46042953714067,182.556501215346,27.24948302848356,Uniqlo,Dress,XXL
48.18857907520457,161.70645859788542,34.6,H&M,Jeans,S
67.61637963777072,166.44398344624838,35.6,Uniqlo,Jeans,M
67.82918513955967,166.07982573025578,22.1,H&M,Dress,M
66.6808786560981,162.25408961304163,28.0,Nike,Shirt,M
54.339486739285235,152.93242197445576,22.074792615672997,Uniqlo,Jeans,XS
99.72230584235804,187.7354869058502,39.26177547531641,Nike,Shirt,
70.7206956496258,158.94285281201417,28.4,Adidas,Shirt,M
48.54769279762037,156.99823403209734,22.3,H&M,Jacket,XS
70.96151625079645,174.18037912153403,14.0,Adidas,Jacket,M
49.124545355523196,153.94130176528648,27.4743184860684,H&M,T-Shirt,XS
51.803160286380056,151.204142392622,29.79098406035852,Uniqlo,Jacket,
52.355052481546316,149.78312303017557,42.0,H&M,Dress,S
68.38345285860488,164.55953332428652,18.2,H&M,Dress,M
48.97726631130628,149.3639209060904,36.10370265433465,Uniqlo,Jeans,XS
50.271849332304626,155.33662342002324,37.74634053429337,Adidas,Dress,XS
56.710163460272774,161.5495160127698,30.1,Adidas,Jacket,S
60.19263676636042,175.66945084927437,14.0,Nike,Jeans,M
61.7,155.5,17.2,Nike,T-Shirt,
80.93556553688875,,40.1,Adidas,Dress,XL
95.66279450844414,180.63561225322775,15.0,Adidas,T-Shirt,XXL
88.64185247347324,187.82015389920974,39.6,,Jacket,XL
54.77073030761444,155.73133474582215,16.7,Adidas,Jeans,S
84.78425473749209,177.9852813757098,26.0,H&M,Shirt,XL
45.658967065855016,147.67915156642724,42.77664895788425,H&M,Jacket,XS
62.67175135709792,155.51136579160212,50.1,H&M,T-Shirt,S
51.45440607636017,153.94506047790227,35.7,Uniqlo,Jeans,S
71.94029530493103,177.12356979301467,,Uniqlo,Dress,
44.68851777891371,161.89103482076595,31.13517345251248,Adidas,Jacket,XS
111.18652100835797,175.27163427538608,31.50393786476208,Adidas,Dress,XXL
67.84742815391496,163.2440988817869,23.7,Uniqlo,Jeans,M
46.383188602179075,156.80004826161093,41.58110873500068,Nike,Dress,XS
72.83319237335287,171.13109503049506,17.1,Uniqlo,T-Shirt,L
70.26881656801362,176.07284178810403,22.3,Zara,,L
55.18868451026966,156.46733775036046,14.0,Uniqlo,Dress,S
61.180296806510256,162.0757297282239,24.4,Uniqlo,Dress,S
48.926896249185134,161.94471734878283,34.7,Zara,Jacket,S
67.44849025243653,168.9939732075115,18.6,H&M,Jacket,M
75.5804503738627,164.17737768385737,47.7,Uniqlo,T-Shirt,M
82.5199405098075,168.83931964543018,40.5,H&M,T-Shirt,L
55.93345370115574,168.91107353918497,30.0,Uniqlo,T-Shirt,M
50.927913369648856,145.34453586626805,51.22156197012633,Uniqlo,Shirt,XS
78.9927019967282,173.94873886601346,24.5,H&M,Jeans,L
61.47046670369246,173.08985432620267,31.6,Nike,Jacket,M
95.40660102476083,185.88585618592265,42.01213922163944,Zara,Jeans,XXL
51.21678613326522,158.47061096962008,27.8,Uniqlo,Shirt,S
91.37633153458269,186.20565842858687,21.36009230320184,Uniqlo,Jacket,XXL
42.116945781742686,149.06687569831857,34.04981710960956,Zara,Jacket,XS
67.30548953506242,168.47513868608956,29.6,H&M,Jeans,L
94.57649122399332,183.54054673729263,15.0,Zara,Shirt,XXL
83.72153060626663,177.44001164073703,37.0,Uniqlo,Shirt,XL
60.36159271099044,155.62858618657188,18.3,,Jeans,S
109.26222708939699,191.55269881582782,20.95683374895592,Adidas,Dress,XXL
97.9142465725988,182.84955068431896,21.38715798671736,Zara,Dress,XXL
53.59402077169839,148.4482484748901,15.8,Nike,T-Shirt,S
62.86880673961794,174.91048507120317,27.2,,Dress,M
49.24782807663048,147.30135024425408,21.71004989077928,Nike,Dress,XS
50.23807068886818,161.0312056763094,21.5,Nike,Jeans,M
78.95471859270286,169.11326090890142,35.7,H&M,Jeans,L
96.2246204535188,177.76168654282398,41.0,Adidas,Shirt,XL
65.27565556676169,169.8999676113643,17.4,H&M,Dress,M
70.11154111533573,164.3705838935647,34.3,H&M,Dress,M
52.25373419405013,154.6187485329426,28.9,Uniqlo,Dress,S
55.20890314122037,157.29883081743662,14.0,Zara,Dress,S
55.866708560805705,150.0511792767462,44.412732890661154,Zara,Jeans,XS
99.38012300534473,186.26059173573807,20.22444755201449,H&M,Jeans,XXL
,170.28711525988297,14.0,Nike,T-Shirt,
72.1,164.9,14.0,H&M,Dress,
80.13019810140743,171.23224692177928,41.1,H&M,,L
56.97168336290255,154.07201503001482,22.5,Adidas,Dress,S
78.46216134397693,175.0447515295688,27.6,Zara,Jacket,L
70.18020672366394,168.11017702103737,31.4,H&M,Jacket,L
77.0662834280387,175.63505951418395,27.7,Adidas,Jeans,XL
108.22928469095271,192.55315593446576,35.298041779152825,Zara,Jacket,XXL
78.43863306212485,176.25785443805287,25.5,Zara,Shirt,L
81.86345864877777,174.96543155638656,30.5,Uniqlo,T-Shirt,L
51.13436918646145,158.15564535263172,25.2,Zara,Dress,S
70.44228537695254,173.22131542683042,18.7,H&M,Shirt,M
51.200718576683585,156.87201863110823,14.0,Zara,Shirt,S
47.98852504201242,153.11388645726697,18.7,Zara,Dress,S
112.53784103877791,184.7066202756396,39.5042383818605,Nike,Shirt,XXL
57.82614047385088,169.33802840833974,32.0,Adidas,Dress,M
59.38057141487174,176.35443728436516,,Adidas,Jacket,M
70.15312016903174,162.8869700511327,26.7,Adidas,T-Shirt,M
98.47042100671233,176.71794841804075,15.0,Uniqlo,Jacket,XXL
82.84641078988015,178.8486898118987,49.6,H&M,T-Shirt,XL
,166.8130208274362,,Adidas,T-Shirt,L
49.1848606118767,157.53032412057024,35.1,Uniqlo,,S
80.87131509740094,177.73621097835928,,Uniqlo,Jacket,L
106.0426327210414,171.30663588423775,42.77676821898509,Zara,Shirt,XXL
80.50038240936142,179.8218396174649,,Zara,T-Shirt,XL
64.92874697850303,162.75123755526317,35.8,Zara,Jeans,M
,154.59456231740182,30.69802084990019,Uniqlo,Dress,XS
60.54246858727926,158.65926324429296,18.5,H&M,T-Shirt,S
100.87568066635039,194.27135846550445,15.0,,Shirt,XXL
60.230609919105135,156.28255030864696,24.5,Adidas,Jacket,S
72.5051322306036,158.21619853684268,31.0,Uniqlo,T-Shirt,M
58.3,162.6,37.4,Uniqlo,Shirt,
107.42999450873475,190.78959287300333,42.378163119734616,Zara,Shirt,XXL
54.38572846368701,160.7213557611291,44.0,H&M,Dress,S
47.62641258590155,152.77763547316565,28.482149049644168,H&M,Shirt,XS
99.43055972564959,181.815062150555,37.55391225825756,Adidas,Shirt,XXL
45.03575450937043,150.6118458015343,51.330333746562665,H&M,T-Shirt,XS
67.78100933313681,165.28825330765406,33.2,H&M,Dress,M
51.406925368786524,167.56612135065959,35.8,Zara,T-Shirt,S
54.36646974896542,160.59228880986097,14.0,Zara,T-Shirt,S
79.0156441582974,172.14163506164013,28.5,H&M,Jeans,L
82.24701298978559,179.9871672298909,22.1,Zara,Shirt,XL
67.15816055911142,163.72583204333355,37.8,H&M,Dress,M
50.576721810426456,141.73202588191276,28.9,Zara,Jeans,XS
57.149177207857846,163.29488573028922,17.1,Zara,Jacket,S
76.7222829213885,173.21222854132972,42.6,H&M,Shirt,XL
77.57079695303219,167.20015617019092,14.6,,Jeans,XL
93.62999477071573,178.37267564090283,26.73976467832159,H&M,T-Shirt,XXL
99.8320995023852,187.52086346130125,30.352635519717285,Uniqlo,Jacket,XXL
78.26583368397725,173.28622769502857,16.5,Nike,Dress,XL
48.97708443317486,145.40931511027443,42.66911149186623,Zara,Shirt,XS
108.6441701655573,182.2868440495409,32.704568257798385,,Jeans,XXL
47.54381081668916,153.35506310001404,21.745028032074885,Nike,Dress,XS
54.29093573425153,164.1494967213796,31.2,H&M,Dress,M
62.202503545075636,164.06572259713693,14.0,Uniqlo,T-Shirt,M
50.76295931527834,154.64536989156912,25.0,,Jacket,S
74.945714239349,,45.7,Zara,Jeans,M
50.13660633445663,144.35783733168384,28.698569456323156,Zara,Dress,XS
54.52383109439181,163.17251955568622,28.4,Zara,Jeans,S
65.81920905324772,170.058076666962,20.4,Zara,Jacket,M
66.56996874572796,165.78349551318615,23.0,Uniqlo,T-Shirt,M
54.74806667648673,156.35867261559807,21.2,Adidas,T-Shirt,S
87.31897435211809,175.2322227650671,31.8,H&M,Jeans,XL
62.981025125771495,174.38631756108694,20.5,Adidas,Jeans,L
47.12443169100124,153.1064241391734,22.696333682828637,Zara,Jacket,XS
89.12053124868838,179.2469511690987,18.0,H&M,Jacket,XL
51.01304456183407,154.73806218279756,14.0,,Jacket,S
78.2,169.8,44.1,H&M,Dress,
52.36070317102937,146.7416680953113,28.52942618497861,Zara,T-Shirt,XS
71.82987896605209,169.52802821046092,14.5,Uniqlo,Jacket,L
81.22472694270546,179.9304588130244,37.0,H&M,T-Shirt,L
66.2531165076017,175.41870054630942,14.0,H&M,Jacket,M
65.18344472855817,156.6386660880867,51.4,H&M,Jeans,M
96.95295960203724,174.36519903818126,29.920273586833822,Adidas,T-Shirt,XXL
77.8027105492573,,30.5,H&M,Jacket,L
,167.543776674525,31.1,Uniqlo,Jeans,M
69.65347632803558,174.3070128686298,22.3,Uniqlo,Jeans,L
105.49957706133947,193.2490315716155,,Zara,Jeans,XXL
90.95941121547354,171.1895188483542,30.9,Nike,T-Shirt,L
47.13328203355432,151.06096017566776,15.0,Uniqlo,T-Shirt,XS
67.26998487436457,161.7750621642013,50.1,,Dress,M
53.28245757653394,157.0267396958125,,Adidas,Jacket,S
106.67761256936087,179.62576351154348,49.64725132916389,Nike,Jeans,XXL
69.37231672448262,171.09060455861834,14.0,Uniqlo,Jeans,M
81.58568081965485,173.22398958224557,28.9,H&M,Jacket,XL
91.62624752708051,178.7921536855795,14.0,H&M,Jacket,XL
51.256258776516106,157.83427121164442,34.2,Zara,Shirt,S
46.33543704709142,155.08232993697476,28.8,Nike,Jacket,XS
50.53718353035323,151.6157285896431,32.809918677350325,Adidas,Jacket,
98.08715251327254,190.82967806410565,30.740947804197752,Nike,Jacket,XXL
61.305098928349096,165.95367116059435,14.0,H&M,T-Shirt,M
97.59512307805618,179.89408031701475,25.12874616235304,H&M,Jeans,XXL
62.069249959382994,154.48267538496623,27.2,H&M,Jacket,S
56.44138872379346,167.5474968110609,40.5,H&M,Jacket,M
56.03887643695006,157.79767107839692,27.6,,T-Shirt,S
48.82747038182634,160.03006303793055,31.8,Nike,Shirt,XS
45.98606288125747,,50.92387275685461,,Jeans,XS
108.6789103472981,178.9664100125493,24.2418175935532,Nike,T-Shirt,XXL
64.29036540528678,165.95041623542855,51.5,Uniqlo,Dress,M
64.04411797582137,168.18564566949613,28.3,Zara,Jeans,M
83.55361203831671,172.01932086985173,45.6,Nike,Jeans,L
94.39796803046947,163.92484488903608,21.3,Adidas,,L
107.60981829909021,178.79706513597048,,Uniqlo,T-Shirt,XXL
81.27214579981356,183.24251485561257,31.1,Zara,Jacket,XL
64.96793928872417,175.41729612030866,38.6,Uniqlo,Shirt,L
71.75616432817255,159.67381075398583,32.3,Uniqlo,T-Shirt,L
78.50683757599299,166.87839725945247,28.1,Nike,Dress,L
56.8469342628502,160.99246402778206,48.5,Nike,T-Shirt,S
64.09101757152814,175.87657572698427,28.5,Adidas,Jacket,L
59.12273822760937,157.4501336537851,52.2,Uniqlo,Jeans,M
50.98906153135434,150.28832872639666,36.24119817052155,Zara,Jeans,XS
44.79380593555107,145.5418964016264,39.17861947054776,Nike,Jeans,XS
58.219870062795295,155.4341718860866,26.9,Adidas,T-Shirt,S
51.64760229923298,159.5710022161826,25.8,Nike,Jeans,S
69.86260739265843,168.10831592702695,34.4,Uniqlo,Jeans,M
74.81159178260532,174.61701459379827,,Zara,Dress,L
81.64554273189206,173.32147961510773,52.6,Adidas,Dress,L
81.22276541735867,166.41405785261713,19.3,,Jacket,L
67.3083506543177,170.43356884838988,23.8,Nike,Jacket,M
89.94984829190003,185.58504724334946,36.228499323474985,Zara,Jacket,XXL
60.10279222549792,167.98564677418662,37.6,Adidas,Dress,M
95.18663568419213,178.94613859478181,19.91913689082596,Adidas,Dress,XXL
77.68056447841306,176.8625417373998,24.5,Uniqlo,Jeans,L
63.52578720057077,160.52712936340865,15.8,,Jacket,S
62.43035501757967,161.2483779226951,35.3,H&M,,M
69.55608238899568,173.46092722600838,32.1,Zara,Jeans,L
55.03202498483498,157.52659442008223,26.4,H&M,Shirt,S
78.17448596108562,175.47154014312866,38.7,,Shirt,L
47.34903632820617,145.39421391396425,21.0,Uniqlo,Jacket,XS
102.79114033893379,182.76451132514754,36.5,Nike,Dress,XXL
63.69136741704348,177.35648541520925,17.3,Uniqlo,Jeans,M
76.87734715304336,177.22239968849414,14.0,Zara,T-Shirt,L
50.50035960753984,158.14493650996351,39.9,Nike,T-Shirt,S
66.5708285427879,171.81186085582246,23.4,Zara,Dress,L
50.0094628378592,153.40855387737463,26.65498764159052,Nike,T-Shirt,XS
105.32920855398609,191.42892934600863,25.123937759275066,Adidas,Shirt,XXL
49.48237398190588,161.99708123815367,21.6,Uniqlo,Shirt,XS
93.80374713369326,183.64503587853702,24.4,H&M,Jeans,XXL
73.79641368097523,165.31557334697646,33.8,Nike,Shirt,L
63.31032203663906,169.75015154130568,30.1,Adidas,Jeans,M
46.132341093297434,151.5095914562038,15.0,H&M,T-Shirt,XS
79.71508505993923,174.72503379965488,32.9,Nike,Jeans,L
72.21130238942678,163.8318078903646,34.9,Zara,Jeans,M
100.94377283276842,185.9184343228823,18.3,Zara,T-Shirt,XXL
71.74490481762459,164.5798483593782,34.8,Nike,Dress,L
103.61686699117924,189.7775359540711,17.889838002375434,Adidas,,XXL
55.43249654330414,162.0902374411309,37.0,H&M,T-Shirt,S
68.46113210268251,179.59342889624534,35.3,Adidas,Shirt,M
50.50444611933936,148.59945716205794,35.3,Uniqlo,Jacket,
57.33185352014165,165.50267192508358,36.5,Uniqlo,T-Shirt,M
60.06595226845503,148.73678468251157,37.6,Zara,Shirt,S
91.96468534319717,181.8635073198644,18.70293145342382,Nike,Shirt,XXL
75.1436384555521,173.7383964800888,23.3,Adidas,Jeans,L
68.93056286150568,164.21258550561086,22.3,Zara,Shirt,L
109.30087375507766,178.77312003821996,46.6,H&M,Jacket,XXL
102.6968280851262,185.62975537307156,28.85460154747382,Zara,Dress,XXL
67.00464515077385,170.16522036954512,30.9,H&M,T-Shirt,M
74.89012924420805,174.64440995424263,27.8,Zara,Dress,L
67.51224415416537,172.24308755416246,15.2,Zara,Jacket,L
66.51883393126069,166.28243384436473,14.0,Zara,Shirt,M
78.82011289220972,166.2550743497268,26.6,Nike,T-Shirt,L
111.67677514673761,184.62418185194775,37.51387123371789,Zara,Jeans,
92.23951399697266,188.6330065649632,44.41568620657901,H&M,Dress,XXL
54.945719853391914,154.53255324753533,25.7,Uniqlo,Jeans,S
84.39927389036238,181.54949196686113,35.4,Zara,Dress,L
,150.26203227082686,,Zara,Jacket,XS
,148.08069294383344,31.6,Adidas,,XS
106.44157828731745,188.95199952509535,15.0,Uniqlo,T-Shirt,XXL
55.29741135079279,154.35794543356297,38.9,Uniqlo,Dress,S
57.06846209245802,160.54810675476816,27.1,Nike,Jeans,S
54.72672155214637,156.695550143569,38.0,H&M,Shirt,S
83.35933109425203,172.4355393746412,23.8,Nike,T-Shirt,L
62.0227946784469,163.7300657214373,37.4,Nike,Shirt,M
70.18456030250525,172.12081775213028,14.0,Nike,T-Shirt,L
49.94493527426597,157.85494055540025,35.6,Adidas,Jeans,XS
78.50070608081501,169.30908653831705,17.3,Nike,Dress,L
72.3371187871224,169.88000310923923,39.2,Zara,Jeans,M
68.80054624051587,160.84442186114364,29.1,Uniqlo,Jacket,M
64.48415303502362,157.4851062582678,31.4,Adidas,Shirt,M
,169.1,29.4,Nike,Jacket,
78.26391567402364,171.77651722774527,26.5,Zara,Dress,L
73.59831159476852,175.52052527554744,30.9,H&M,Jacket,L
81.6098350391099,176.5373074733353,39.6,H&M,Jeans,L
71.08781985065167,158.3521540139172,16.8,Uniqlo,,M
93.38654527549728,187.35373560666497,,,Dress,XXL
109.12558501188217,181.5431476068556,17.3,Nike,T-Shirt,XXL
,179.78810727418897,33.4,Uniqlo,Jacket,XL
67.38675786409358,166.64726814063505,35.2,Nike,Jeans,M
96.457536474828,176.0925940289021,18.2,Adidas,Dress,XL
45.86149465223962,155.68264305243326,19.8,Uniqlo,Jeans,XS
52.67671954810011,149.0855026386538,14.0,Zara,Jacket,XS
84.12465391511893,171.56126832209281,22.1,Adidas,Shirt,XL
68.27006602991698,168.29641772999344,,H&M,Dress,M
57.140832598643584,166.3245814771603,39.6,Zara,T-Shirt,S
68.7949938578617,168.83219946941492,40.7,Zara,Jeans,L
54.81900640354277,161.5391586356659,29.5,H&M,Jeans,S
43.09992957794865,153.02684250498893,51.439440893253256,Uniqlo,T-Shirt,XS
61.05943596571648,159.428597456449,33.0,Uniqlo,Jacket,S
65.01659631890254,169.68063640854166,40.2,Uniqlo,Shirt,M
49.98802168849778,149.31804570330053,29.404746439382,Uniqlo,Jacket,XS
63.39187278557753,167.99264891435237,18.3,Adidas,Jacket,M
59.60376180952164,161.452881802281,34.0,Zara,T-Shirt,S
60.23034491215093,165.07144111722025,30.1,Zara,Jacket,M
93.26698986169475,183.2039179955489,25.67441812180379,Uniqlo,T-Shirt,XXL
70.45982096143442,,35.8,H&M,T-Shirt,L
48.50996500397094,159.56917028428677,26.7,Nike,Jacket,S
81.4671595283098,165.72674764973357,,Adidas,T-Shirt,L
51.43616331439763,160.4053485577832,24.9,Adidas,Jeans,S
90.2515373081033,166.0617032949366,34.8,Zara,Jeans,XL
69.82766129174445,165.346988478019,27.6,Nike,Jacket,M
66.67474277684005,,14.0,Uniqlo,Jacket,M
51.80165574978818,155.4333302827783,23.9,H&M,Shirt,S
69.68186813061261,170.322413201527,35.9,Nike,Dress,L
60.95072156648715,161.77664456159152,39.6,Zara,Dress,S
72.76144388370041,170.73122242256176,29.0,Adidas,Jeans,L
78.8410740372944,171.81795725050551,17.5,Zara,Jacket,L
58.54986199012312,174.0396883560064,14.0,H&M,Jacket,M
81.89650585255866,177.82242445858833,20.7,Uniqlo,Jeans,XL
85.71786169765352,170.64252768041246,21.7,Adidas,Jeans,XL
,172.88353801134903,30.0,Uniqlo,Jacket,L
72.30853799099043,165.49549285585152,31.8,Nike,Jacket,M
76.09862685215356,177.749403927073,36.8,Uniqlo,Jacket,L
76.55316630976522,171.83681269507213,30.0,H&M,Dress,L
59.937416403943345,161.10897157887104,32.2,Uniqlo,Jeans,S
51.28134033694119,155.52314162272117,18.6,Nike,Jacket,S
53.28760984578564,146.6068739104351,39.75119733417751,Adidas,Dress,XS
64.2371580086898,167.3864463742009,17.7,H&M,Jeans,M
50.71783804448968,150.85668268852135,22.923305343812192,H&M,Dress,XS
49.670599644558315,151.91693290456766,41.1,Zara,Shirt,XS
60.793650462157586,170.98744622667436,31.3,H&M,Dress,M
82.46684385809591,169.48565669776633,36.2,H&M,Jacket,
92.9459209919156,189.16159696699143,27.0,Nike,Jacket,XL
86.61001875885705,182.67791139074808,23.9,H&M,Jeans,XL
68.25657815627027,179.78291568567124,,Adidas,Dress,L
94.94637107495868,179.68978121395315,37.6,Uniqlo,Shirt,XL
70.22090610805901,168.1415614377563,34.1,Zara,Dress,M
73.74625342533902,172.72465228126768,30.2,H&M,Jeans,M
89.30608137187943,181.81803021670837,48.31458765854354,Adidas,Dress,XXL
67.70839370743413,166.21589868910033,25.7,Zara,T-Shirt,M
100.29146304825673,194.6319042719567,20.350765394198955,Adidas,Dress,XXL
56.144633822228826,158.87356619580632,24.5,H&M,,S
64.49309296227807,157.36306573183762,19.5,Zara,Dress,S
73.30018850124891,177.75285058966028,14.0,Nike,Shirt,XL
65.09388601325908,164.34150491142893,30.8,Uniqlo,Dress,M
47.83958460530312,147.93832539530803,27.8231879677278,H&M,Shirt,XS
63.563938307863985,162.07075943483034,14.9,Zara,T-Shirt,M
45.42360300020327,152.85752473836408,34.43819428146229,H&M,Dress,XS
55.773392704793906,159.16637227390797,21.5,Adidas,Shirt,S
91.16332960912345,178.92679930965795,46.28615545571292,Zara,T-Shirt,XXL
46.14634519053885,146.97251930438193,29.5,Uniqlo,Jacket,XS
98.2426248972999,190.8158187607748,28.876719503091703,Adidas,T-Shirt,
51.56110378587822,165.6415071103986,25.0,Adidas,Dress,S
70.8323859283384,168.3514157516683,32.5,Uniqlo,Jacket,M
71.3,,,Zara,Jacket,
74.00225919032157,177.76267743901744,23.5,Zara,Jacket,L
73.81476592709713,172.73525008406887,40.4,Zara,Shirt,L
47.07663496392259,148.25295550241884,36.7,Uniqlo,Jacket,XS
79.53827693597766,180.97498706242436,46.9,Nike,Jacket,XL
52.9936511281567,147.99588164372318,60.0,Adidas,Dress,S
47.95452413053983,151.80127888835472,32.7,Uniqlo,Jacket,XS
58.756207720539116,169.49824819961594,28.5,,Shirt,M
61.583175448254735,166.74854848348582,39.0,Adidas,T-Shirt,M
109.98944016458152,190.21573952322214,15.0,Nike,Dress,XXL
62.990467552590694,175.38612797250283,22.4,Nike,Jeans,M
91.24767984887912,183.93317805050935,22.07127167737656,H&M,Jeans,XXL
89.98410902456176,180.8275089628593,24.861330826633065,Nike,Shirt,XXL
69.32712249331674,170.2818251318767,21.7,Uniqlo,Jeans,M
70.49066293307118,176.61720904793037,39.8,Zara,Jeans,L
99.17003963456366,186.76540502709543,19.18451996385605,Adidas,T-Shirt,XXL
68.9,160.9,,Zara,Jacket,
43.856465878558716,153.5797460000955,,Zara,Jeans,S
72.40174791311819,171.5548291175593,29.5,Uniqlo,Shirt,L
47.6786248000446,157.7513701905988,19.5,Adidas,Jacket,S
101.09882378114628,180.43179967410674,40.0629280921444,Uniqlo,Jacket,XXL
64.3659578745516,166.12706247039085,25.1,H&M,Jacket,M
84.23940802966558,173.16562518064387,14.0,H&M,Shirt,L
,158.24950852856628,30.8,Zara,Jacket,S
67.38262900236717,167.3205991030281,34.0,Adidas,Dress,M
80.84581505584535,174.32058507501299,32.9,Adidas,Jacket,L
68.35061530324003,162.3531279874788,29.3,Nike,Jacket,M
60.0872612946115,161.76635416970896,41.9,Adidas,Jeans,M
57.82436747258021,169.93302653263262,35.0,,T-Shirt,L
104.61934431883773,187.16488613653573,22.40867338446302,Adidas,Jacket,XXL
60.35416222310478,164.02880856642238,27.5,H&M,Shirt,M
89.40397507678567,183.02366371416096,23.7,Uniqlo,Jeans,XL
67.29062310372926,171.5860972091385,18.1,Nike,Shirt,M
92.1729259351652,177.13781681492796,19.647576775806257,H&M,Jacket,XXL
75.94516288925935,177.578523440066,30.9,Zara,Jacket,L
85.49437190201505,174.08079680151872,31.9,Adidas,Jeans,
63.59068612665418,163.12169607317898,20.9,H&M,Shirt,M
74.27826082583833,172.88130634535975,28.3,Nike,Dress,L
51.1389140274314,167.0738060087195,39.0,Uniqlo,Jacket,S
65.89268094221947,177.4194992621002,16.6,Nike,Jacket,M
61.79707429570374,156.45306129799826,23.2,Zara,Dress,S
46.02372642052291,155.8309894217533,40.1,H&M,Dress,XS
49.13764688939138,152.69398537999095,21.3,Uniqlo,Jeans,S
80.41158041487085,160.27070760775993,21.4,Zara,Jacket,L
68.37078275774492,176.2826748598391,18.6,Uniqlo,Shirt,L
94.55980222737207,182.6448084719084,21.39586634716048,Adidas,Jacket,
85.63061668155737,171.75834362399263,27.610519531335903,Zara,Dress,XXL
83.46740039587203,183.64384842315047,23.7,Zara,Jeans,XL
101.79699382358432,188.6014082047486,25.2,Uniqlo,Jacket,XXL
48.71302369603453,146.55557077629433,36.33919022318011,H&M,Jeans,XS
67.26333588328613,168.07532255610894,19.7,Uniqlo,T-Shirt,M
45.0782717134565,148.60911237525337,22.3,Adidas,Jacket,XS
90.28111445850183,173.93636000125537,23.7,H&M,Shirt,XL
61.988070567691175,165.10357949475278,24.1,Uniqlo,Dress,M
45.75473694138692,147.9282550194089,29.877532271530853,H&M,Jeans,XS
56.32217588662832,159.5004476342281,29.4,H&M,T-Shirt,S
52.59506768940987,156.01640872392676,44.1,Uniqlo,T-Shirt,S
93.8632709444682,185.30095275844712,24.006249770462272,H&M,Dress,XXL
52.42791783711526,162.16708908335133,28.6,,Jacket,S
72.20040210533404,175.14439241393285,45.9,Zara,T-Shirt,M
85.04311425930082,178.54983596299874,28.8,H&M,Jeans,XL
58.008125378190186,155.5295632187484,29.2,Zara,,S
71.51342745897347,169.68162394891365,14.3,H&M,Shirt,L
56.07101999564235,157.79327350698506,27.5,,Shirt,S
67.35685190085435,,43.0,H&M,Jeans,M
94.15699271891269,193.7485039919101,24.463506946528177,Zara,Dress,XXL
79.49445653509079,175.1495479271607,14.0,Uniqlo,Dress,XL
55.33563726641875,164.5953169110359,33.4,H&M,Dress,S
64.66508229444071,165.51914147366895,26.9,Nike,Shirt,M
61.10466118572773,176.8318934415764,34.0,H&M,Jeans,M
37.1,150.3,,H&M,Dress,
58.311519627256295,164.84757350580776,38.0,Nike,Jacket,M
91.83579327496865,186.50874864523428,30.469805937647426,Nike,T-Shirt,XXL
65.84185673021265,163.5142212628674,16.0,H&M,Jacket,M
97.33305302496305,184.04724953638694,35.70598668593159,Adidas,Shirt,XXL
76.5086706646088,167.42454426340163,22.2,Uniqlo,Dress,M
51.11335466585882,158.26691289019277,16.6,Adidas,Dress,S
54.805961169093784,158.95492880451079,32.2,Adidas,Shirt,S
64.02836387673122,165.3588263754967,28.4,Nike,T-Shirt,M
64.87875434588615,165.29309508326062,20.2,Zara,T-Shirt,M
58.60174038621297,158.89769697086544,14.6,Uniqlo,Shirt,S
78.0757469638111,172.27975243192017,,Uniqlo,,XL
60.8,163.1,17.2,Adidas,,
52.02178278955176,145.25394907925772,25.9,Nike,T-Shirt,S
71.88256253340309,168.8676259569553,43.7,Uniqlo,Shirt,L
46.08303190610222,152.73463461922367,32.436872114919126,Zara,T-Shirt,XS
49.04650912808586,152.07671612067352,24.9305682462887,Nike,Jacket,XS
79.18448739548185,170.31572639299318,14.7,H&M,Jacket,L
98.32370759762193,176.69160861205532,18.16741487334225,Adidas,Dress,XXL
88.31614590466847,180.14968887088523,44.5,Adidas,Jeans,XL
,179.41035233170803,24.694988523894725,H&M,Jeans,XXL
55.743036791783304,158.2571682071621,22.9,Nike,,S
90.40248920043283,186.11210222604893,37.17542255795962,Adidas,Dress,XXL
60.27976223455128,159.08523797492745,19.3,Nike,Jeans,S
108.19649513703959,180.3902524193172,23.960148132841795,Zara,Shirt,XXL
81.89161847370482,180.79415129501467,29.6,Nike,Jeans,L
57.7893779563305,159.93237954390682,34.3,Nike,Jeans,S
108.32027495811025,179.91312697355966,28.92969640045442,Adidas,Shirt,XXL
55.54895558348134,151.5447410733262,28.5,Uniqlo,Jeans,S
54.72959636764907,151.8216172562438,26.4,,Jacket,S
59.399479531311385,163.79279949086023,30.5,Nike,Dress,S
70.61128609732299,167.9829887807286,34.3,Adidas,Jacket,M
59.57042913602097,161.2854732543711,18.0,Nike,Shirt,S
54.00905124656659,156.32520543280108,,Uniqlo,T-Shirt,S
54.832696512603476,157.04537060066886,25.9,H&M,Shirt,S
71.404904552538,169.68739239122462,27.7,Zara,Jacket,L
75.78538773328472,169.19326595478225,16.2,H&M,Jeans,M
67.244101282325,168.77464259877993,14.0,Uniqlo,Jeans,M
47.48915835384407,156.66475190968993,23.07090404739346,Zara,Dress,XS
66.11564076930863,173.29295063269947,26.4,Nike,Jeans,L
73.66556029063537,165.6646987713002,26.7,Nike,Jacket,L
45.86176116532311,154.83404457052202,30.455718399038137,Zara,Jeans,XS
64.28942564918242,164.29559171731026,16.9,Nike,Shirt,M
85.3,189.4,31.1,Nike,Dress,
53.73848116878571,159.76409044249118,37.7,Uniqlo,Dress,S
69.61493128845085,171.0037686125317,31.0,Zara,Jeans,L
59.17102738397174,158.98759261153958,27.9,Uniqlo,Dress,S
52.06156146908731,150.97636919333257,23.773004801794063,H&M,T-Shirt,XS
82.45894453245243,179.00353327083332,24.4,Nike,Jeans,XL
55.95632808071344,158.01045077511714,36.2,Uniqlo,Jacket,S
58.45624127700981,166.52709131044767,27.8,Adidas,Shirt,M
103.60197509090015,178.72012871612475,40.4,Adidas,Jacket,XXL
54.00828174767565,159.70070525712427,36.1,Nike,T-Shirt,S
51.58548347153192,164.25073295232136,21.3,Zara,,S
57.57600724007968,157.48121127354062,33.3,Uniqlo,,S
76.60386408756959,166.68378817397044,32.2,Zara,Dress,L
54.124087136480696,152.65883491009896,25.9,,T-Shirt,XS
56.53135686441532,173.9964437514741,14.0,H&M,Dress,M
52.99942883307842,158.91215142643446,35.6,Adidas,T-Shirt,S
103.40611426195379,182.20090806828398,,Uniqlo,Jeans,XXL
48.035603379382906,153.28855269778765,29.9,H&M,Shirt,XS
63.06866331018302,174.87516950316856,26.9,Uniqlo,T-Shirt,L
66.59990263389405,172.17794219670347,32.2,Zara,Jacket,M
53.70004957681908,154.44160931984274,24.0,Adidas,Jeans,XS
95.54380460625092,188.93464139315128,33.37602662075202,Nike,Jacket,XXL
81.33953809231257,173.28249223088474,22.7,Nike,Dress,L
45.2579637614968,156.20900352650096,22.3,Uniqlo,Jeans,
95.85383825381082,187.3105173713164,37.57507710047305,Zara,Dress,
75.32535895205997,160.76157411722838,38.1,Uniqlo,,M
57.755961211790094,167.7917866218677,27.9,Zara,Dress,M
67.68047968980474,171.05650101853686,35.8,,Dress,
87.66228421919665,177.87725908818797,33.9,Zara,Jeans,XL
50.57032769044756,158.8032103373597,42.2,H&M,T-Shirt,S
67.73635447616977,162.3235022115144,27.8,H&M,Jacket,M
62.83302266080976,153.37625376741892,30.3,Uniqlo,,S
63.17711791854636,154.65188909065668,34.4,Uniqlo,Dress,M
67.53415583114808,166.74841952168535,25.4,H&M,Jeans,M
52.99650257420966,160.78393358428673,17.5,Adidas,Shirt,S
47.2979957391915,156.5143912627439,29.9,Zara,T-Shirt,XS
54.63039600983606,158.6599879693094,,Uniqlo,T-Shirt,S
95.50360387978624,185.13377404892694,41.67782061659807,H&M,Jacket,XXL
78.0769536512354,179.30298924048378,23.3,Zara,,XL
47.75110346449909,147.88142578733593,18.2,Nike,Jacket,XS
62.35659778443445,161.76713108757974,24.2,H&M,Jeans,M
72.95913105166343,175.64186207347066,14.0,Zara,T-Shirt,L
44.23186168091147,146.0855549423331,28.2,Nike,Jacket,XS
108.19027856433809,185.21737315786578,29.44452301103381,H&M,Shirt,XXL
76.97858483357153,169.9756397991626,28.3,Uniqlo,Shirt,L
64.00593722742876,158.04158128831668,33.2,Adidas,Shirt,M
53.79048863564117,159.1423150987408,31.7,H&M,Dress,S
90.33397080508341,177.81612811269417,27.4,Zara,T-Shirt,L
,183.06703941853175,34.5,H&M,T-Shirt,XL
64.41914025321776,160.21886295087285,14.2,Zara,Shirt,M
58.677762314846404,165.89774740167084,34.6,Nike,Jacket,M
104.68714583973735,173.3057449339187,26.7,Uniqlo,T-Shirt,XL
83.69823045933157,172.76328660409857,14.0,Zara,Dress,L
51.53825354120301,156.04053202679057,,Uniqlo,Jeans,S
100.21425628817337,184.77592053428228,14.0,Nike,Jeans,XXL
56.31483434365738,160.5195006616232,14.0,Adidas,Dress,S
62.70260699497551,169.33404046943463,26.3,Nike,Jacket,M
63.085539314786025,169.19168951094713,,Zara,T-Shirt,M
76.26700155689089,174.84549085601984,14.0,,Shirt,L
64.7519521091518,174.43475703018726,28.9,Adidas,Jacket,L
47.90551492908151,155.49160006596242,32.16458589581975,Adidas,T-Shirt,XS
53.579451515932696,162.51115472575813,36.3,Adidas,Dress,S
77.34539511064165,175.76421176951524,55.5,Adidas,,L
57.46553568303957,168.3404866395584,30.3,Nike,Dress,M
,179.4679900366218,48.7,Zara,Dress,L
52.87674887833833,157.01507273819763,32.3,Uniqlo,Jacket,S
47.11490598964736,155.51433549975303,35.95157025436914,Adidas,Jacket,XS
51.31862579216983,158.77055768665898,17.391160456649548,Zara,Jeans,XS
54.99246001520125,160.31472440134786,17.4,Zara,Jeans,S
89.17983528156586,181.1307004992301,33.9,Nike,Jacket,XXL
52.07683824054672,154.44783108046624,45.86016816145352,H&M,Dress,XS
65.5593761050261,170.38747951663308,43.5,H&M,Jeans,L
66.57343625160638,171.93993453339738,38.0,Uniqlo,Jeans,M
77.36512465018737,164.77253310190892,35.1,Nike,T-Shirt,M
62.90412337459166,167.114329874555,23.6,Nike,Jeans,M
45.851529260484575,147.02170211009903,25.157659271337486,Uniqlo,Dress,XS
75.6272491529059,178.4716265147758,30.1,Uniqlo,Jacket,L
88.06165346405203,181.67674872093886,15.7,Nike,Jacket,XL
47.577355736973004,159.97745529252734,38.6,Nike,Dress,XS
81.54124206293017,164.41698060042944,41.8,Uniqlo,Dress,XL
54.047780275359564,161.45000520851,42.2,Uniqlo,Dress,S
43.70360272072253,147.65369795547315,33.072995208766095,Uniqlo,Shirt,XS
49.710336239370896,150.406049887615,30.4,Uniqlo,Jeans,XS
51.44808956556193,153.5914863993289,38.5,Uniqlo,Jeans,XS
49.180851720154884,156.20133215026013,14.0,Nike,Jeans,S
81.10652451836717,185.8749885870669,41.5,Zara,Shirt,XL
89.72151034494375,180.82114544151807,15.7,Nike,Jacket,XL
58.72581538356826,159.78215534666612,40.4,Zara,T-Shirt,S
77.20589146182249,172.89773095825618,47.3,Adidas,Shirt,L
53.597292218526704,155.51317483390415,24.8,Uniqlo,Dress,S
91.40959977847146,178.88671225047742,33.2,Uniqlo,Jeans,XL
48.97219194187242,149.75826698825642,38.8,Adidas,Shirt,XS
67.2680001645024,161.03376907210574,35.0,,Dress,M
78.80296309294292,166.41546801151574,38.3,Uniqlo,T-Shirt,L
55.406427265976355,157.10215119374686,18.6,Adidas,Dress,
57.67033816328882,159.0082121895785,22.4,H&M,Jeans,S
68.06738997104958,176.65578558423005,29.0,Uniqlo,T-Shirt,L
52.73573615245192,154.54409733895778,28.2,H&M,Jacket,S
67.05739833027388,170.6258479103108,,Nike,T-Shirt,L
81.69945622137064,176.47207138678766,45.3,Adidas,Jacket,XL
50.69310338286023,161.13100937813292,23.9,Nike,T-Shirt,S
81.53678920741002,171.97763293836687,37.4,H&M,Dress,XL
56.88954228931761,155.52083345681748,28.8,H&M,Jacket,S
64.35544377738825,168.71980963486007,29.6,Uniqlo,Jacket,M
68.43924600171344,167.0715508650126,33.5,Zara,Dress,M
44.72366611854803,158.46135262958782,37.1,Zara,Jeans,XS
72.64114761839294,177.94539190846962,39.8,Nike,Jeans,L
68.62006030700779,170.09012102030448,41.6,Nike,T-Shirt,M
50.438779445130756,154.17530939673665,15.5,,Jacket,S
63.23617087241334,164.4457503230826,23.4,,Jeans,M
56.51635153556138,166.57323824952988,32.2,Adidas,Jeans,M
76.38218979465306,161.44927195932843,44.4,Uniqlo,Jeans,L
97.72183158632726,182.08061268916614,32.59722501721482,Nike,Dress,XXL
71.87583912884949,165.63633710326988,14.0,Uniqlo,Dress,M
64.99022965836375,157.93526585894608,30.9,Nike,Jacket,M
52.6,166.8,18.2,Nike,Shirt,
61.55338312168629,175.08256531300108,,H&M,Dress,M
54.68013095348955,160.41617882063255,30.5,Zara,Jeans,S
53.22231287294609,162.8985709454817,16.3,Nike,Dress,M
66.10996384847428,172.09055901047932,42.6,Uniqlo,Jacket,M
49.01749571640956,161.30267940703826,26.2,H&M,Jacket,XS
64.48425730013717,166.03136285824596,38.4,H&M,Dress,M
72.05803191480072,168.2053531697173,36.2,Adidas,Jeans,L
55.08852375908878,156.1928983977183,21.2,Zara,Jacket,S
51.64583978703402,153.71305835510225,30.7,Uniqlo,Shirt,XS
80.1882792874865,183.71363810719106,26.2,H&M,Shirt,L
61.67632466690907,163.3304951818848,25.8,,Jeans,M
65.15975291917523,164.71419875348855,23.8,Nike,Jacket,M
80.74215537954106,174.16679224851214,25.7,Zara,T-Shirt,L
76.00653236499831,175.80374008259471,29.6,Adidas,Shirt,L
68.02238948522212,170.91917417086427,32.4,,Jacket,L
85.88761505787606,173.44223098651992,18.0,Zara,T-Shirt,XL
68.66110143941427,169.08199794711575,43.7,Zara,Shirt,M
61.269062416445095,161.87924805038583,27.2,Uniqlo,T-Shirt,
107.74772087283569,174.95591729459755,32.54420843301213,Uniqlo,Jeans,XXL
78.29393705728272,165.9257342815308,36.2,Uniqlo,Jacket,L
64.06629046094334,168.91912618697592,29.8,Adidas,Shirt,M
71.70961892221906,165.5251374914177,25.8,Nike,Jeans,M
77.00059419157543,164.5668374245018,34.2,Nike,Jacket,M
86.17213198647663,186.33171210030403,29.3,Uniqlo,Shirt,XL
80.56117399311131,167.2252684946862,40.3,H&M,Shirt,L
63.40559187641622,159.7985526202029,42.9,Uniqlo,T-Shirt,S
96.2309202066916,178.55154259606476,,Nike,T-Shirt,
62.58170905348375,161.49895734794802,44.0,Zara,Jacket,S
103.24056710154613,176.56256795935698,36.86051459998439,Adidas,T-Shirt,XXL
81.6961819676439,193.51508144036868,47.5,Nike,Jeans,XXL
45.59690206548826,153.37716833604236,43.05478807154329,Zara,Jacket,XS
54.01207696200861,151.16337215722848,36.62130674521047,Uniqlo,Jacket,XS
46.723413543137916,155.00743644182535,23.38213535231612,Uniqlo,Jeans,XS
61.19336482655899,168.93487588418617,38.0,H&M,Dress,M
42.877248514957536,154.46245396952907,14.0,Zara,T-Shirt,XS
64.6460144674089,155.46765237627312,25.6,Nike,Jeans,M
83.38069942060163,175.5353938331582,18.0,Uniqlo,Jeans,XL
66.92202436200449,163.1164146057341,29.2,Adidas,Shirt,M
47.71584314904945,147.006894869616,15.0,H&M,Dress,XS
51.78859510968588,158.92628435704938,35.2,Nike,Jeans,S
37.76633729888721,153.51788155831164,26.5,Adidas,Jacket,XS
89.8209764911494,177.15439999120852,24.0,Zara,T-Shirt,XL
55.14162943893024,156.85598864962367,22.9,H&M,Shirt,S
66.50673961599354,157.50956861617496,39.8,H&M,Shirt,M
48.95337891809593,150.27124947603522,23.3,Zara,Jacket,
69.5,183.2,32.9,Zara,Dress,
52.29718333234799,155.80566276793053,36.5,Uniqlo,T-Shirt,S
81.42681072615723,174.11483564533359,43.4,Nike,Dress,XL
83.8795560261024,168.76685979977265,14.0,H&M,Jacket,L
53.4053664278213,157.6311836097042,16.0,,Dress,S
101.7303417577654,174.0687120527128,15.0,H&M,Dress,XXL
55.51777525452528,163.9352284580842,22.7,,Jacket,S
57.941993093014766,172.25882397899085,28.0,H&M,Jeans,M
72.37743546621793,178.35943350769543,,H&M,Shirt,L
67.38408434173415,178.39600109612664,20.5,H&M,Jeans,L
72.23181212120406,161.26013135933815,,Uniqlo,Jeans,M
66.27755680242842,163.64281078218215,22.9,Uniqlo,T-Shirt,M
57.900190474134945,163.48728172560766,29.9,Nike,Dress,M
65.57349502631925,172.59486301209313,19.8,Adidas,Dress,L
72.81854512862759,163.01248758418092,32.8,H&M,Jacket,M
85.70649118424556,185.5983027276853,30.18418379189552,Uniqlo,Dress,XXL
47.42573411982481,155.43538869517147,14.0,Zara,Jeans,XS
71.84976587186355,176.5633667068732,22.6,Adidas,Shirt,L
54.74777560886731,165.1760619491339,28.9,Zara,Dress,M
70.05933493029583,166.72474692229218,26.7,H&M,T-Shirt,M
,153.3935782253185,,Nike,Jeans,S
68.51265573464714,165.76581242876892,14.0,H&M,Shirt,M
51.325735054838034,153.17515240439215,14.0,Nike,T-Shirt,S
67.95611069026057,164.88231862424854,14.0,Uniqlo,Jacket,M
107.75031381877098,178.2832493213563,20.924363379584022,Adidas,T-Shirt,XXL
64.87712831861866,166.6970386869529,29.7,Nike,Jeans,M
74.6354972644062,164.07186385878066,20.9,,Jeans,L
63.38474964600494,170.61136942165908,46.5,Uniqlo,Jacket,M
63.42358000861008,162.66777709867765,41.8,H&M,Jeans,M
47.90895605883254,147.19973585743716,23.1,Uniqlo,Shirt,XS
81.80042969314366,176.23915412445805,25.1,H&M,Dress,XL
94.058758315245,183.71685061400234,20.60120213672645,Zara,Jeans,XXL
65.85502877251069,171.2181326278627,22.1,Uniqlo,Jacket,L
103.51326831916954,192.39932766976958,27.510358515209266,Adidas,Jeans,XXL
50.96381598683929,150.70070408495636,23.46670767426288,Adidas,T-Shirt,XS
79.48499644179876,184.06065948431527,42.9,Zara,Shirt,XL
100.13475821566863,183.77115474397138,48.76170839215887,Adidas,Jacket,XXL
,169.93087558134337,34.6,Zara,Jeans,M
49.081258676419964,160.27491633538125,14.0,Nike,Jeans,S
56.96389558675909,155.49717898091023,32.2,Zara,T-Shirt,S
97.36255562880346,185.55357526308737,38.3,Adidas,Shirt,XXL
70.83421052908025,162.12642096691698,36.4,Nike,Jeans,M
48.7646684060028,156.46251009471595,31.8,Uniqlo,Shirt,S
56.911532641833425,156.1175842626437,16.9,Nike,Jeans,S
55.24925523266278,162.23278842486306,18.4,H&M,Shirt,S
63.391375368945454,164.92874222327694,14.0,H&M,Dress,M
66.97173363538846,168.73340750271848,32.7,Adidas,Jacket,M
59.20698384132491,155.67353175792007,44.9,Nike,Dress,S
46.357213882604185,155.83750043813157,33.8,Nike,Shirt,XS
62.38242288634541,168.29763015332063,14.0,Uniqlo,Shirt,M
54.181287211664994,163.27003359874618,31.5,Adidas,Dress,S
77.9154280175197,172.94167208778944,14.0,Adidas,Jacket,L
80.18164383786218,174.36555858271723,37.0,Uniqlo,T-Shirt,XL
83.20063968649303,175.74607949134025,42.8,Uniqlo,Dress,XL
80.15033409058545,170.57879700302288,29.1,Uniqlo,,L
115.27177311450988,189.67009855680038,32.03463635867223,Nike,Dress,XXL
63.902612156193506,181.20302059226765,14.0,Uniqlo,T-Shirt,M
46.25984393453037,151.04412318058093,17.997035929442237,Adidas,Jacket,XS
64.11201208783625,171.69331426443236,33.1,Uniqlo,Jeans,L
102.871281625207,182.70820552805978,33.32314011979592,Zara,Dress,XXL
61.196323407124254,165.3122368563019,42.9,H&M,Dress,M
73.42691670573697,171.1688279732997,37.1,Adidas,Jacket,L
85.06229664163502,183.8592105936212,35.009171876243805,Zara,Jacket,XXL
59.69226086626082,165.77793047065785,24.3,Zara,Jacket,M
67.25483926441933,152.3437702031443,31.2,H&M,Shirt,M
56.47538527075289,,32.3,Uniqlo,Dress,S
62.60030267349452,161.42677276282382,21.0,Adidas,Jeans,M
,154.243366701161,21.2,Uniqlo,T-Shirt,S
46.13540649241558,155.4888373739972,16.1,H&M,Jacket,XS
65.44578384249716,177.40170919860128,25.3,H&M,T-Shirt,L
59.438420080459906,162.56503941413217,31.4,Uniqlo,T-Shirt,S
70.07118332941536,163.56395980893132,23.7,Nike,Shirt,M
54.79697790591592,165.16993781152308,32.9,Uniqlo,Jeans,S
73.57641867680606,171.76281427316206,41.3,Zara,Dress,L
47.69132205671471,150.7902134487604,39.8,H&M,Dress,XS
70.72818558131893,167.72489030151152,28.5,H&M,Jacket,L
87.3741442854214,177.08121157523772,38.1,H&M,Jeans,XL
81.69018534160672,177.66114870236487,18.8,Zara,Jeans,XL
60.5252473766219,150.2076976939695,17.6,Nike,T-Shirt,S
45.93504924709407,154.441723577003,35.470973811700375,Adidas,T-Shirt,XS
83.30047454301898,163.61383690741192,30.5,Zara,Jeans,L
71.0158280797944,,38.0,Uniqlo,Shirt,L
53.46769012327627,157.9768759788013,18.5,Nike,Shirt,S
56.1664369989196,155.62685816946396,21.0,Uniqlo,Shirt,S
91.56658479719654,176.4000122943541,19.407864781110483,H&M,Dress,XXL
70.3285994312906,169.14481912953087,27.0,Uniqlo,Dress,L
49.647096756083705,147.54497902032304,30.4,Adidas,Shirt,XS
55.04328873643397,164.29849919235483,25.0,Uniqlo,Jeans,M
74.75308120533657,175.54367781487568,33.2,Nike,Jacket,L
67.97486019068172,176.07229853665132,23.3,H&M,Jacket,L
96.94873996548753,183.20474051766007,20.14273953664456,H&M,Jacket,XXL
72.4518815291158,173.39389774050156,37.2,Zara,Dress,L
52.57610352950167,156.53682072691907,19.1,H&M,Jeans,S
53.72359374030936,159.5335043658658,45.3,Uniqlo,Jacket,S
74.34902960560372,165.30617740214896,32.7,H&M,Dress,M
92.82945261135144,184.1654884353171,30.993323054292254,Zara,T-Shirt,XXL
59.09872646715041,169.37478739749895,28.8,Zara,Jeans,M
105.16728509184735,180.71787003976607,23.002744920074143,H&M,Jacket,XXL
58.27699418842728,161.59517653472267,17.0,Uniqlo,Jacket,
63.79248915222653,167.62124782143016,21.7,Nike,Jeans,M
100.97923830182832,192.82122516703953,35.040465155178445,Adidas,T-Shirt,XXL
89.03079752784538,184.11239403671047,15.0,Uniqlo,Jacket,XXL
72.19460556504532,172.83510957950656,37.2,Uniqlo,T-Shirt,L
66.85737661433825,158.94658425698958,20.0,Nike,Dress,M
72.39489596209118,181.11910594854697,49.9,Uniqlo,Jeans,L
69.16502973786764,161.7490493213162,29.6,Uniqlo,Dress,M
83.52705186893459,177.11757129281926,16.9,Uniqlo,Jeans,L
57.72127671202408,168.5068548767209,40.0,Uniqlo,Dress,S
62.564702225228196,163.39832222855256,54.0,Zara,T-Shirt,M
86.66820387997846,187.14505816406617,42.5,,Jeans,XL
77.7828346079111,175.91949128198132,43.0,Adidas,Dress,L
65.59544997021881,172.20520568985367,39.9,Uniqlo,Dress,M
46.41530308301863,152.44699582861458,14.0,Adidas,T-Shirt,XS
66.82701945381906,167.74750825885675,38.3,Adidas,Dress,L
51.58567968539932,150.84668166132641,17.85811387212268,Nike,Shirt,XS
,161.59802721908738,,,Jacket,M
48.05610335260723,154.44943491882478,,H&M,Shirt,XS
84.94703170376279,165.29735597219798,46.9,Nike,Jeans,L
76.46653345192857,173.14657000872074,37.1,Uniqlo,Shirt,L
102.32034951087486,191.4231937292387,14.0,Uniqlo,Dress,XXL
56.04063365955264,155.03612607794818,31.3,Nike,Shirt,S
,182.00228482214857,26.3,Nike,Shirt,XL
52.34570473394624,156.97264534467985,14.0,Uniqlo,T-Shirt,S
53.786790745315756,154.50827275942012,38.4,H&M,Jacket,XS
53.459033230471995,162.88069272279614,37.4,H&M,,S
81.88503460842807,175.27679190168894,21.7,Nike,Jacket,XL
94.43444144045245,190.1324445380888,30.773683076476186,Uniqlo,Jacket,XXL
66.00196058249593,164.70922748430036,42.4,Zara,Dress,M
56.77917790239072,159.0367050185192,22.9,Uniqlo,T-Shirt,S
74.34513162035674,176.85941078682188,22.5,Nike,Shirt,L
61.73692743935557,167.95703334779313,29.5,Nike,Shirt,M
45.06061774443494,148.13366396369648,29.6,Zara,Jeans,XS
69.00128958215618,169.40422471788457,42.1,Adidas,,L
48.93442321271849,154.37411658645215,36.29628841923612,Nike,Jeans,XS
49.26528817701571,153.29008085983986,33.24166352488442,Adidas,Jeans,XS
60.80581016683121,157.6968291455646,40.5,,Jacket,S
85.72049634987377,182.37509014310208,20.6,Zara,Shirt,XL
51.90608671856207,158.51685794896295,37.2,Uniqlo,Jeans,S
,153.94629480163132,24.7,Zara,Dress,XS
57.17238163311591,154.46653864738468,28.9,Uniqlo,Jacket,S
84.63859809201796,174.22837140673752,23.7,Zara,Dress,L
76.19847869998796,173.06797967759329,35.9,Uniqlo,Dress,L
73.35887492271806,169.0858329323522,37.3,Uniqlo,Shirt,L
111.66968471956817,176.98772463479284,15.0,Adidas,T-Shirt,XXL
60.04201169214449,174.32851014656725,23.0,Adidas,Jacket,M
89.6741572818696,173.32522069075634,17.6,,Dress,
71.00391437131127,162.24016305701915,40.8,Uniqlo,,L
84.65771929119433,,33.6,Uniqlo,Jeans,XL
79.87824566930792,172.95685786929195,17.5,Adidas,Dress,XL
48.60421275747906,145.39048333971874,24.106352430557884,Nike,Shirt,XS
46.30068941248821,146.586613578368,26.3,Nike,Jeans,XS
74.27627349609209,172.9120496889122,21.3,Adidas,Shirt,XL
59.453665047151716,170.2525426170529,,Zara,Jeans,L
70.66435927066873,181.7339720456241,14.0,Nike,Shirt,L
72.80781916299537,171.56822636191103,33.5,Adidas,Jacket,L
57.6741669281594,154.4043059216609,34.7,Adidas,Shirt,S
90.5089040014906,187.79009099614132,15.0,H&M,Jacket,XXL
67.28099652234334,159.29516308080977,23.0,H&M,Shirt,M
98.75382636109215,187.77188611826352,28.09661321916392,Adidas,Dress,XXL
80.98793346652721,176.443061539347,43.3,Uniqlo,Shirt,XL
81.77780338959778,184.12265538571384,34.4,H&M,T-Shirt,XL
97.04187402801178,170.26316352725192,15.777462904023258,H&M,Jeans,XXL
,180.2,14.0,Uniqlo,T-Shirt,
55.09678428033033,161.6975908204073,18.5,H&M,Jeans,S
54.76917836573374,163.19830370359094,29.5,Zara,Jacket,S
101.01878237286427,182.30632554183023,,Adidas,Dress,XXL
54.279206179419255,155.00455124379195,44.8,H&M,Shirt,S
49.43205977298565,,15.2,Nike,Jeans,S
52.93727472156049,153.30532022290998,29.1,Uniqlo,Shirt,XS
55.57996308266973,159.65588510899772,26.4,H&M,Jeans,S
48.2109913661045,155.76227010148122,30.7,Adidas,Shirt,XS
76.2197861312311,174.3759957597436,19.8,Nike,Shirt,L
55.313346091534605,147.4603599514796,19.1,Uniqlo,T-Shirt,XS
92.02268669264842,177.18873044108076,23.37376241054153,H&M,T-Shirt,XXL
81.07568045871855,179.3801211857856,34.0,H&M,Jeans,L
100.75924664142457,184.16115060422288,36.69672548830039,Uniqlo,T-Shirt,XXL
98.90433667695838,189.0031957625004,38.35692112065142,Uniqlo,Dress,XXL
108.24485443268738,178.72394162299776,24.231081304768512,H&M,Jeans,XXL
61.27493742910919,159.9913323446015,14.0,H&M,T-Shirt,S
57.158895592915464,158.9877115538351,37.5,Uniqlo,Dress,M
50.35821582900401,164.6776100016767,18.7,Zara,Jeans,S
66.3884933479535,170.86206718144547,14.4,,Shirt,M
99.08411095918906,184.8761236826493,15.0,,T-Shirt,XXL
76.67760711246156,165.44620793449374,14.0,H&M,Jacket,L
55.51916857162898,154.878670928745,32.7,H&M,Shirt,S
77.64750331991631,171.51069951621784,21.2,Zara,Dress,L
91.14593692275176,181.1595581507912,44.6,H&M,T-Shirt,XL
53.93729749103942,162.38000272372835,16.1,H&M,Jeans,S
71.2043264939356,166.3004946233059,14.0,Adidas,Jacket,M
46.8832892354816,153.7663135666133,15.6,H&M,Shirt,XS
72.99070160907719,165.82122842579122,34.0,Nike,Dress,L
70.20053364684865,162.17515358866058,29.5,H&M,T-Shirt,M
48.263170562207314,148.09877113309668,22.7,Nike,Shirt,XS
68.34166163499586,173.01781468812712,23.1,Adidas,Jacket,L
70.19760554782701,,19.4,Nike,Shirt,M
49.663598379627,157.097022694514,38.657551941701215,Uniqlo,Dress,XS
86.52008329563436,180.1105171178127,27.0,Adidas,Jeans,L
75.8091103902551,171.22650179473092,15.7,Adidas,T-Shirt,L
63.29877798401589,172.43570956673312,33.7,Nike,Jacket,M
86.32732850631601,180.65955768022633,43.1,H&M,Jeans,XL
51.80496545908113,156.7215033426282,27.9,Zara,Shirt,S
82.11352387638107,170.2737889176679,14.0,Nike,Shirt,L
70.91065642650067,167.66123963416473,49.1,Zara,T-Shirt,L
78.91113915489433,168.17373595066067,29.5,Zara,,XL
49.725851725775456,145.20617632676448,17.62184501173151,Nike,Shirt,XS
62.39531428435285,168.22044583309594,43.2,Zara,Dress,M
46.335628852939,153.6623917214454,18.4,H&M,T-Shirt,XS
71.59859701036673,167.09362885249357,14.0,Nike,Shirt,M
76.96212420185591,173.81483618721361,30.6,Uniqlo,Dress,L
83.30720660151212,162.4000429670967,30.5,Adidas,T-Shirt,L
44.15235766400148,159.48300932446818,32.4,Adidas,Dress,XS
65.66663092017653,164.73849720267407,23.9,Zara,Jeans,M
62.3050487307942,169.9588676307882,28.2,Zara,T-Shirt,M
67.41467883902135,168.66277515988546,34.4,Uniqlo,Dress,M
76.4,167.2,31.1,Zara,Dress,
51.22982669855625,151.51141787818548,21.027456285141685,H&M,T-Shirt,XS
62.202133523571554,167.05745357234645,25.6,H&M,Shirt,M
46.933070362099016,151.51425759439326,15.6,Nike,Jacket,XS
56.68707129975941,161.86313716878382,44.9,Nike,T-Shirt,S
59.73886013797335,163.81483662291183,26.2,,Jeans,M
82.68869234366483,,17.4,Adidas,Shirt,L
65.23592925304578,174.15875480132246,19.7,Zara,T-Shirt,L
88.4515875007456,184.03870830868377,,H&M,Jacket,XXL
83.65286891250176,178.69372320848322,35.3,Zara,T-Shirt,XL
65.06697913278384,170.60873824477005,27.6,Adidas,,M
60.18091798973452,166.42466513920277,17.8,Uniqlo,T-Shirt,M
98.23193872140814,180.96878411016797,30.67518481410109,Nike,Jeans,XXL
83.37457635002185,180.13738345715555,33.7,Zara,Shirt,XL
59.37529674058127,181.40038644215232,14.0,Adidas,Shirt,M
56.18572918814536,154.48239645521252,28.3,H&M,Jeans,S
60.21931052387996,166.30861993278248,28.9,Uniqlo,Shirt,S
63.82526262989808,171.95504618367605,29.9,H&M,Jacket,M
52.1844887123024,166.37211492941708,40.6,Nike,Jeans,S
46.132866230682964,147.7517989160997,14.0,Nike,Jacket,
69.520310564631,167.25942796087486,32.3,Zara,Dress,L
101.67090876003805,181.42348145370016,50.60747924881987,Adidas,Jacket,
44.847589190429915,147.03901937070464,30.9,Uniqlo,Jacket,XS
64.86264792366462,162.681834381624,,Uniqlo,Jacket,M
68.07482265736938,160.5120371797829,38.0,Uniqlo,Dress,M
63.48068417787535,165.79330701601188,38.0,Zara,Shirt,M
52.81287673202328,157.76538383725045,14.0,H&M,Dress,S
43.4554919868872,152.75215974417165,37.3,H&M,Dress,XS
55.67321162033293,158.8911042778859,50.9,Uniqlo,Shirt,S
112.83323550812133,176.9846903130104,21.24381746615243,Nike,Jeans,XXL
66.92873779548356,170.6770812036966,15.8,Nike,Jacket,M
71.9571890079442,164.75866109989326,20.8,Zara,Dress,L
92.53545734276133,182.01722181812696,23.49357430878173,Uniqlo,Jacket,XXL
80.64963256562005,163.35225196359642,30.1,Uniqlo,Jacket,L
,149.69476553364132,25.7,H&M,Shirt,XS
55.83119413659521,156.48139909991053,14.0,Nike,Jeans,S
93.58268946459525,182.31028419907145,35.62969236690571,H&M,Shirt,XXL
86.92343827448718,179.09630918619862,19.1,Adidas,Jeans,XL
50.703286756602544,167.83114045052383,14.0,Uniqlo,Jacket,S
72.11482090891867,180.58487488299383,22.1,Nike,Dress,L
81.7,171.1,28.2,Nike,T-Shirt,
70.4239788366992,166.5925628461506,14.4,Uniqlo,Shirt,M
80.22991288151772,176.53422766333563,28.1,Uniqlo,Jacket,XL
71.46049244515085,176.49636561370022,14.0,H&M,Shirt,L
48.01506923447067,150.11529554838182,25.25054688839044,Nike,Jeans,XS
95.1334938797893,180.47912486540332,,H&M,,XXL
56.90564516376084,167.02996164546798,30.0,H&M,Shirt,S
70.69275896081615,170.17557931254888,15.3,Uniqlo,Jacket,M
44.395601142360476,150.21807792867764,44.4,H&M,Jacket,XS
48.03933545487477,156.43159245972168,39.4,Zara,,S
56.160393991619394,161.5738191352407,33.8,Zara,Jacket,S
58.02122394931833,158.611357963534,40.8,Uniqlo,Jeans,M
46.62483686775934,146.24404713334877,36.5,,Shirt,XS
107.51173836049139,189.7805571550891,27.509639604436217,Adidas,Shirt,XXL
69.94462327176504,170.6181314634543,38.1,Uniqlo,T-Shirt,M
67.19569932239756,162.34780710796153,37.1,Nike,Dress,M
64.8144221224746,165.33449993276844,31.6,Nike,T-Shirt,M
62.26722646005652,167.55550018808742,19.7,H&M,Jeans,M
45.27964301305627,152.67128234058353,26.786141583470062,H&M,Jeans,XS
66.05316362425414,159.62951125852888,23.6,Nike,T-Shirt,M
55.61888261537359,159.60199023596687,16.8,Uniqlo,T-Shirt,S
96.95191669085095,187.25852143875932,50.75400798645439,Nike,Jeans,XXL
58.77390394540504,158.35908231290995,29.3,Nike,Jeans,S
61.43557031826958,171.89527706607194,26.9,Adidas,T-Shirt,M
57.958180109178166,160.81354458045854,37.5,Uniqlo,,S
55.79221185433525,155.58744781297437,,Nike,Dress,XS
61.04979171872365,164.03020278021475,,Uniqlo,Shirt,M
67.81379380056447,166.91300896413264,14.1,H&M,Jeans,M
55.1973613256153,160.5066819634113,17.1,Adidas,Jacket,S
58.386055191903054,156.3383122276205,16.0,Adidas,T-Shirt,S
69.57843397753491,,33.2,Zara,T-Shirt,M
87.15894383037528,175.9241280240753,24.6,Nike,Jeans,XL
60.45588071565927,164.86571031932337,28.3,Nike,Jeans,M
98.20700051186172,186.7613597836235,29.339202013526837,Zara,Jeans,XXL
61.58835475607042,166.38440889382107,44.2,H&M,Jeans,M
86.53623380732148,180.08682356656703,22.0,Nike,Jeans,XL
61.82804823934127,162.69120544476738,25.1,Adidas,Jacket,M
66.63690802920138,163.16084957727713,16.3,H&M,Jeans,M
62.157112207180106,165.97452426960413,,Zara,Jeans,M
97.69234020375872,181.78623646384276,31.20295631711899,H&M,Dress,XXL
76.76797682327869,169.7203218407797,22.4,Nike,Shirt,L
85.75117496290912,176.49106829360116,30.8,Uniqlo,Jacket,XL
70.71137812513734,159.85982821028242,42.5,Zara,T-Shirt,M
49.57626323032881,159.17133368624255,,Nike,Jacket,
109.96882686148669,186.64424038747936,27.80899471191136,H&M,Jeans,XXL
46.24163767988559,148.52216391615812,20.1,Zara,T-Shirt,XS
48.18083252044584,152.58148105034135,15.7,Adidas,Dress,XS
55.21128875395492,164.16567319846746,14.0,Uniqlo,Jeans,M
47.435878945474265,154.59214569070159,23.997831228412053,Zara,Dress,XS
62.70829757021946,159.2903682506369,34.5,H&M,Shirt,M
46.02564247029383,152.60077268943348,36.6,Zara,Dress,XS
59.111869801746195,170.05041462064995,32.3,Zara,Jacket,M
72.27767451961498,165.38708799554533,27.2,Zara,Shirt,M
55.865987916135644,157.9891228686221,25.8,H&M,T-Shirt,S
89.6213670268577,175.080897931216,35.4,Zara,T-Shirt,XL
78.84614033486882,166.6389737688097,36.5,Zara,Shirt,L
71.1748252363861,158.3296511109986,39.8,H&M,Jacket,M
89.8343274066876,186.2027485208369,25.499345285207564,Nike,Dress,XXL
64.79972178061375,164.5293845180419,24.2,H&M,Jeans,M
78.42548638432199,173.25263858304936,25.9,Nike,Shirt,L
68.82162148582869,177.72108143579442,23.7,Zara,Jeans,L
55.66826339468246,159.25098266695056,47.2,Adidas,Dress,S
70.31464920306728,162.3214246013929,15.3,Adidas,,L
50.49776672555478,158.29710493323245,16.9,Nike,Dress,S
58.62465514523114,150.13192322002553,22.1,Nike,T-Shirt,
43.47333646780997,151.46838775576114,22.2,Nike,Shirt,XS
98.24976062404143,191.2311009614865,35.38910043684659,H&M,Jacket,XXL
64.88488769966835,163.90838307274336,27.3,Nike,Jacket,M
,159.02017483524344,28.1,Zara,Shirt,M
51.50553756959618,158.53275944500618,21.9,Nike,Jeans,S
72.11860985492692,176.324262823495,29.7,Adidas,Dress,L
73.10964621725887,170.66767254464153,29.7,Uniqlo,Shirt,M
69.75886511452762,166.12892213817915,18.9,Uniqlo,Shirt,M
52.9,146.3,17.1,Uniqlo,T-Shirt,
53.41841089829271,158.13978952487525,18.1,Nike,Jacket,
100.36344814967312,175.41832551935693,24.232286694316677,Adidas,T-Shirt,XXL
48.85686335451855,155.36751419859846,32.5,Uniqlo,Dress,S
91.6532289125483,179.93501844650265,41.6,Uniqlo,Jeans,XL
55.33446946789367,154.72348740988699,35.9,H&M,,S
96.34324309493039,187.6125781533229,15.0,Uniqlo,Jacket,XXL
80.71837930480453,174.0965229052022,35.9,Adidas,T-Shirt,L
83.9272606546977,170.07845815972988,19.8,Adidas,Jacket,XL
51.10024164659586,148.93263112293707,21.817793167665275,Zara,Jeans,XS
55.72674784524235,163.00225968029815,31.3,Nike,Jeans,S
101.11749942957827,178.92581510078327,43.53872374165413,H&M,Shirt,XXL
91.5710089838795,187.40745229169326,16.198985417851084,Nike,Jacket,XXL
59.53961055566908,149.48692719339252,30.7,Uniqlo,Jacket,S
55.71819441121369,156.57137570992762,28.3,Uniqlo,Shirt,
66.67855093293804,170.212041595713,49.5,Uniqlo,Jacket,M
66.78076277956292,178.07150194606803,20.2,Uniqlo,T-Shirt,M
93.9390051176086,178.36108880749052,19.323795706174057,Adidas,T-Shirt,XXL
71.38202635638551,166.8547854733329,44.8,Zara,T-Shirt,M
82.18909960214849,170.86226059179992,14.0,Nike,Shirt,L
91.13989695117996,179.06828653452524,36.6,Uniqlo,Jeans,XL
79.1802200322115,175.36144911686247,27.8,Adidas,Shirt,L
80.94938297451952,174.2840841082867,20.7,Adidas,T-Shirt,L
75.76450207418564,170.5321218808148,24.1,H&M,Jeans,L
79.65860177792125,178.16180660629246,23.3,Uniqlo,Shirt,XL
93.74236146435537,190.22241217431662,45.02357052096028,Uniqlo,Jeans,XXL
69.64480485600284,167.2395250989044,16.9,H&M,Dress,L
77.99532597455067,176.10160047661154,23.2,Nike,Dress,L
64.55893809280347,165.419287403797,39.7,H&M,Shirt,M
72.42787681055134,164.22910973782345,50.8,,T-Shirt,M
63.851195993136436,161.7400434191018,14.0,Nike,Shirt,M
93.09280031469861,185.78896014629507,33.2,Adidas,Shirt,XL
,163.08059559114537,38.3,Nike,Jeans,S
55.96877514829986,156.43848768356568,14.0,Zara,Jacket,S
73.6804913702891,171.05042580324698,41.3,Zara,T-Shirt,L
68.838908902572,165.35746227289974,17.3,Uniqlo,Jacket,M
74.09579727768744,174.83258055282045,14.0,Nike,Jeans,L
47.18052129121523,155.3684862210578,14.0,Uniqlo,Shirt,XS
55.83289558996423,156.83733784610314,33.4,Nike,Shirt,S
,169.39037026768364,20.9,Adidas,Shirt,L
72.61298350750477,167.30737089828054,36.4,H&M,Jeans,M
103.54640396670362,183.87512718793002,31.156746342928585,Uniqlo,Jeans,XXL
63.473162167282865,161.69962071569017,17.4,Zara,Jacket,M
54.88388636768303,160.14943323784996,28.2,Uniqlo,Jacket,M
78.9351971718436,178.9176493265006,46.0,Uniqlo,Shirt,XL
55.40084560635201,153.88972291428294,36.9,Uniqlo,T-Shirt,S
51.95559290882291,162.0839029218682,36.0,H&M,Shirt,S
72.88230881929496,167.15950303493466,14.0,Uniqlo,Dress,L
68.2233265295672,165.97634566638774,23.8,Zara,Jacket,M
71.91180762619244,166.66607321472986,22.7,Zara,Shirt,
,169.21466031321376,24.0,Adidas,Jeans,M
45.64976184750009,165.51039339924756,23.1,,Shirt,S
94.5230693174215,178.59886614429692,24.5,H&M,T-Shirt,XL
55.58230660988987,153.63040374991073,14.0,H&M,T-Shirt,S
75.41695419422888,161.46110645658692,41.5,Uniqlo,Jeans,L
68.74562764243714,171.346573909201,20.6,Adidas,T-Shirt,M
55.092866319281164,153.4949704181917,33.9,Uniqlo,,S
54.64063525108826,,,Nike,T-Shirt,
89.7675744613501,177.66217311446152,25.881230338775325,Adidas,,XXL
90.7,158.5,20.6,,Jeans,
,165.91404668803824,28.1,Zara,Dress,L
95.79873741735386,183.63203805144016,33.71145873371309,H&M,Shirt,XXL
63.60234792403628,173.17395444165516,24.7,Uniqlo,Dress,M
45.983494648990956,152.15527220861705,32.3,H&M,Dress,XS
109.46237147148418,190.74297595743207,15.0,H&M,Jacket,XXL
74.19852465696226,164.88860706429887,33.3,H&M,T-Shirt,L
64.71474866312589,167.64144579262478,14.0,Nike,Shirt,M
54.13637450944695,161.89709305752191,33.0,Adidas,Shirt,S
109.02673378376777,,26.154444557701748,Nike,Dress,XXL
47.628541978489494,152.67035441324828,25.59955513303016,Nike,T-Shirt,XS
57.35375296846046,156.33382209530285,30.4,Zara,Jacket,S
67.69653986389599,158.6720930871316,37.2,Zara,Dress,M
64.73895354674677,156.614025037935,27.7,H&M,Dress,M
78.52882164505398,169.60767681613254,14.0,Nike,T-Shirt,L
44.45964578752108,150.39878261225718,38.2541634898803,Zara,T-Shirt,XS
46.439757790855715,149.05658593401245,30.10233061019587,Zara,Jacket,XS
48.03462899032919,151.96726883557855,40.32465260551147,Nike,T-Shirt,XS
55.40981321199911,161.83092004828438,34.6,Nike,T-Shirt,S
79.93818866121035,170.77611902944258,24.0,Zara,Jacket,XL
90.48643619263763,171.7771310928982,14.0,Adidas,Shirt,XL
81.91022944321529,178.48440010216785,23.1,Zara,T-Shirt,XL
72.70167745737768,178.27593702798143,,Adidas,T-Shirt,L
41.88404138821539,153.02004955507672,30.8,Adidas,Dress,XS
50.96782482431537,150.88721461087655,34.8,Uniqlo,Dress,XS
79.29715572541892,166.6212900544104,17.1,Nike,Jeans,L
92.1144229522043,179.19919871424398,28.443227646079205,Adidas,Dress,XXL
47.295229667745396,154.1370853102391,16.1,Uniqlo,Dress,XS
67.8275195127835,161.11674689060067,25.3,Adidas,Jeans,M
45.8486219851641,150.32410181823803,28.85263558533101,Adidas,Jeans,XS
64.25494109128121,177.68603098659173,18.3,Uniqlo,Jacket,L
103.62172673517995,180.75408193090755,33.944521423782966,Uniqlo,Shirt,XXL
76.10100682631094,180.4870659966586,31.1,Zara,Jeans,L
103.28790556024084,178.56329549001862,33.112501545435364,H&M,T-Shirt,XXL
52.262089975868975,160.29487660366763,23.8,Adidas,Shirt,
73.8259621761446,177.63696994826356,16.7,Nike,Dress,L
67.35820052821408,175.57851426214353,24.1,Uniqlo,Dress,L
42.70956368578844,152.076747071999,15.0,Uniqlo,T-Shirt,XS
75.1539257774322,180.07481112652334,39.3,H&M,Dress,XL
96.27776327147451,183.15863862445144,15.0,H&M,Dress,XXL
83.1607500742982,169.4983570739911,29.1,Uniqlo,Jacket,XL
67.56434045141529,169.7890287243219,27.8,Nike,Shirt,M
46.24665338767008,152.0863314826289,,Uniqlo,Shirt,XS
78.47379668847104,173.44374634176407,36.9,Uniqlo,Jeans,L
79.61847689983178,174.15425127786142,14.0,Zara,Jeans,L
48.75947466149029,152.40187442206135,38.1286211883896,Uniqlo,Shirt,XS
91.55962786835141,185.7644368806831,27.969546139570078,Zara,Jacket,XXL
51.52615389345262,161.59870288931086,39.1,H&M,Jeans,S
99.45690083513148,181.19339113211925,33.66598246096848,Zara,Dress,XXL
90.78052995950661,175.04219877317618,35.8,Nike,Jacket,XL
45.198073603251885,157.80970605640513,30.210038416327592,Uniqlo,Jacket,XS
72.88376803662715,181.7939954372601,32.6,H&M,T-Shirt,XL
67.43119021906347,165.99090495019578,43.2,Adidas,Jeans,M
50.11971045933556,147.86172279293362,15.698586220393674,Zara,,XS
49.99207779007279,147.01555565787717,35.049872789804574,Zara,Dress,XS
98.34398133282971,189.17840621510848,15.0,Nike,Shirt,XXL
66.60619353361749,161.2278915200797,23.9,Uniqlo,Dress,M
100.20615845479793,182.32602286724804,28.5,Adidas,Jacket,XL
61.70419611431182,170.08941665076858,22.3,Adidas,T-Shirt,M
64.59604147504781,171.50560678793897,27.2,H&M,Shirt,M
59.27110986716973,169.9767794036314,26.5,Adidas,T-Shirt,M
48.59285011253044,152.28437185426603,27.918777496427246,Adidas,Jeans,XS
60.65798011404079,164.679280516278,28.1,Zara,Jacket,M
43.34837071820478,156.45104875339948,31.8,Zara,Jeans,XS
57.165212589669736,163.89465039320427,19.3,H&M,,M
101.10398199865865,180.22665599319154,29.67305251905907,Adidas,T-Shirt,XXL
69.27510555455875,156.89755252039447,38.8,H&M,Dress,M
51.612517149188335,151.17533232196965,32.7,Zara,Shirt,S
54.14925450634026,167.00495408243378,20.5,Uniqlo,Shirt,M
44.202004516862324,153.95861663816845,34.62103474263271,Adidas,Shirt,XS
67.02352975832018,164.5144483055647,53.1,Zara,Shirt,M
54.33801755170005,153.6454812553112,34.2,H&M,Shirt,S
92.32538427016162,182.49063671465026,21.01585328651642,Zara,Jeans,XXL
89.27615140997797,177.8354593808408,33.8,Uniqlo,Jacket,L
65.34593515365097,180.00476831421426,36.9,Zara,Jacket,L
74.85166309128675,164.52552965903232,14.0,Nike,,L
72.29293378405772,165.70522236311416,28.0,H&M,T-Shirt,L
91.59682190183383,183.04372435247828,30.48084946661382,H&M,Jeans,XXL
73.8177915791582,175.65694655702939,37.3,Uniqlo,Jacket,L
90.9144034821019,192.63866729237085,23.534271157574736,,T-Shirt,XXL
84.15297353067697,174.4673917129551,38.3,Uniqlo,Shirt,L
48.957115505647806,155.96566790592416,21.777796044335687,H&M,Dress,XS
76.97301729974497,176.54886210763885,50.6,Nike,T-Shirt,XL
58.50919609078076,163.70783684764717,37.0,Adidas,Jeans,M
92.6413948879055,183.6743656520379,37.1161487808889,Uniqlo,T-Shirt,XXL
66.15804030824765,161.65736146965992,,Adidas,Jacket,M
50.10953314136553,156.564453865481,31.7,Uniqlo,Shirt,S
65.40217689584958,165.92003695024968,37.8,Uniqlo,Shirt,S
46.674747720231316,157.37113287732268,31.307405772860918,Uniqlo,T-Shirt,XS
46.90225429293214,151.99493303909225,41.3,Zara,T-Shirt,XS
50.409784043112275,152.0372692712511,36.2834550926428,Zara,T-Shirt,XS
48.19801449826654,161.48137429057712,28.4,H&M,Jacket,S
97.424424409909,189.11607867256848,45.23124077269657,H&M,T-Shirt,XXL
73.1585047259055,170.54253738744566,36.6,Nike,Dress,L
49.31984006437232,149.78773848594497,25.8,H&M,T-Shirt,XS
53.074125378379634,155.19662133168248,24.084286111641703,Uniqlo,Jacket,XS
71.59912967752486,182.67514906111163,25.6,Nike,Jacket,L
47.60759844880337,146.64254014000383,19.756123586657104,Uniqlo,Shirt,XS
67.8192168562926,169.72336922895929,31.3,Zara,T-Shirt,M
79.8233973164458,166.31250872498902,29.7,Adidas,Jacket,L
70.55981714576208,161.45649918325455,22.7,Adidas,Dress,L
96.25440132453303,182.53443030485127,32.89774856896413,Zara,T-Shirt,XXL
96.86313477494274,184.2410745248221,60.78880808455238,Nike,Jacket,
49.07222054553489,164.3737961536244,18.2,H&M,Jeans,S
99.02645365171013,186.20236966513252,14.0,H&M,Jeans,XXL
68.72157379532702,168.06171031259277,,Nike,Jeans,M
92.27683023022104,188.65967183847926,36.45375949585147,Uniqlo,Shirt,XXL
53.97878249494169,154.72650427750494,18.3,Zara,Dress,
59.94875938044245,164.66836963303075,37.3,Nike,Jacket,M
71.07236431811174,157.89988145281376,39.9,H&M,Dress,L
81.08522423888805,178.667603261781,24.2,H&M,Shirt,L
92.40611274161344,190.02565579753468,43.66874267444525,Nike,Jacket,XXL
53.71107326263886,157.2716182030355,35.1,Uniqlo,Jeans,S
74.1967056354077,168.08630781471814,30.5,H&M,Dress,L
46.213222915200404,154.08775434251208,25.069990653411672,Uniqlo,Jeans,XS
79.66207921918206,163.151098103621,26.2,Zara,Shirt,L
81.34733785859265,181.79038785345367,22.7,Adidas,Jeans,XL
72.83603991162647,176.77191162488762,34.3,H&M,Shirt,L
52.78076303872733,167.1372229692417,16.2,,Jacket,M
75.26700854420879,171.80956810959117,35.5,Nike,Shirt,L
49.961139010501824,150.99410196836715,15.9,Nike,T-Shirt,XS
58.87148516910538,151.63066484688514,45.8,Nike,Shirt,S
56.887342151777375,155.4021639311825,22.0,H&M,T-Shirt,S
69.30523480270645,163.3745567254741,,Nike,Jeans,M
62.10803854161459,171.74866545236117,21.0,H&M,Dress,M
46.057671692122106,154.02091664883244,17.4,Uniqlo,Jacket,XS
104.26279702255079,188.61799412768855,24.07606075761131,H&M,Shirt,XXL
74.09531519,173.4520110091177,14.0,Zara,Jeans,L
90.10158268230609,185.2049240661476,14.0,Uniqlo,Dress,XL
63.58279923478347,162.25857899466115,25.9,Adidas,Jeans,M
51.29786850231461,162.01170081118167,14.0,Nike,Dress,S
70.46969253662452,170.74130703931024,14.6,Uniqlo,Jacket,L
60.27755202735194,150.349812918207,17.3,Adidas,T-Shirt,S
101.92637921040598,183.2785213836741,44.79944138890026,H&M,Jeans,XXL
82.97213385107868,184.2220072769468,35.765569630557664,Uniqlo,Jacket,XXL
57.33908610079933,160.6825465098751,45.2,Zara,Dress,S
56.96979124785153,164.5609187189066,29.7,Nike,,M
48.681910647515906,150.5353688991155,25.28961694381677,H&M,Jeans,XS
70.46149697765634,163.78443565789462,14.0,Nike,Shirt,M
64.9356235379692,170.66071129391568,14.0,Zara,T-Shirt,M
65.62544648261745,168.7443395109735,32.6,Uniqlo,Jeans,
78.40501043748046,173.9756794941392,36.9,Nike,Dress,L
63.09581834771884,171.61034205909323,36.0,Adidas,Jeans,M
54.312334438480605,160.7167280528947,24.9,Adidas,Shirt,S
101.30734300256614,183.96700448746606,49.094166404701305,Zara,Jacket,XXL
64.10346549406447,173.48833713382146,22.8,Uniqlo,Jacket,L
90.45845007596297,190.60377652203707,38.711247034316926,Nike,Dress,XXL
56.45569335513895,148.44420747421773,23.48399652394183,H&M,Shirt,XS
102.29358005963101,178.60172369786616,47.55340842443204,Adidas,Dress,XXL
64.76514940443124,170.15729579531904,23.7,Zara,Dress,L
79.27586872066385,168.19164696295593,17.5,Zara,T-Shirt,L
63.60868466196352,168.9921625674357,28.3,Zara,Shirt,M
46.220510515168,147.9774627487536,24.36275447196025,Adidas,,XS
56.38783058711657,157.57289788581878,28.8,Adidas,Shirt,S
108.28697460900074,182.47099171124754,38.294055811834895,Zara,Dress,XXL
78.28760210050253,171.44810282798306,30.0,Adidas,Dress,L
103.61334805314884,187.4590154314114,25.308243478952956,Zara,Shirt,XXL
47.594807544650166,150.12921681836048,24.4,Nike,Jacket,XS
80.79525498113878,178.62542110991677,26.3,H&M,Shirt,XL
63.410545704356814,164.65366784781244,33.4,Zara,Dress,M
45.66777970455181,153.49808721384653,19.93982618500298,Nike,Dress,XS
47.946640689753075,154.9175243363334,25.7,H&M,Dress,XS
72.39435945502586,173.95947546482364,37.2,Zara,T-Shirt,L
53.26067132703177,144.8748251693794,31.9,Nike,Shirt,XS
63.51917728233462,167.4014548814384,30.9,,Jeans,M
56.392365644933264,157.14620452580272,47.65454240281097,Adidas,T-Shirt,XS
43.18976746788677,150.13302289982798,32.44966571108723,H&M,T-Shirt,XS
92.43438201857113,188.60684059786192,24.23096344337597,Uniqlo,Shirt,XXL
67.73192635922861,173.5911056401652,15.3,Adidas,Shirt,L
96.06904867825736,175.80959596473124,30.47398671316414,Nike,T-Shirt,XXL
81.54337009881968,182.1510107590799,27.5,Nike,Jacket,L
49.05160686448338,156.38874093969793,38.13509636000639,Uniqlo,Jacket,XS
50.554945528132926,157.42758726802876,38.9959987543325,Nike,T-Shirt,XS
111.59577599512554,181.19926460745262,29.49761890550863,H&M,T-Shirt,XXL
101.72884270423594,182.26154665516304,39.551423205012384,Nike,Shirt,XXL
86.93908685117803,167.1437768253365,21.2,Adidas,Jeans,XL
75.8301748203001,185.21470882545364,20.8,Zara,Dress,XL
61.708348852883894,169.03765815802694,24.1,Uniqlo,Jeans,M
66.00298046109314,168.08980841531255,23.9,Zara,T-Shirt,M
68.61420823374688,171.7762361584539,,Zara,Shirt,M
61.36754672912171,160.19338998045438,22.0,,T-Shirt,S
49.56503026550518,158.9774435616021,23.8,Uniqlo,T-Shirt,S
84.21069923369605,175.75613287196725,18.3,H&M,T-Shirt,XL
72.75549862173783,178.43445805733293,35.1,Zara,Jeans,L
62.19369362470576,166.94272657726148,,H&M,Jacket,M
64.7,173.3,24.2,Adidas,Dress,
64.66108878064024,161.00841090993669,39.5,H&M,Jacket,M
71.72977708473819,184.545349370152,47.8,Uniqlo,T-Shirt,L
57.621304239076785,160.88477375929642,36.2,Zara,Shirt,M
101.46307779163782,185.67203323168857,24.69742381627559,Zara,Jacket,XXL
98.75581394274774,184.4046815176005,18.753579081621307,Zara,T-Shirt,XXL
75.53820924600929,167.97230286614155,27.6,Uniqlo,T-Shirt,L
93.81706256895892,,22.9,Zara,Jacket,XXL
30.2,141.0,27.7,,T-Shirt,
79.17237917483706,171.78168304168108,38.1,Nike,Jeans,L
62.8558948853892,153.2742808736044,20.6,Zara,Jeans,M
82.51684670660828,169.9056065736202,26.7,Uniqlo,Dress,
56.86263952013484,162.14634966066984,31.2,Uniqlo,Shirt,S
63.63074009228612,169.7239665858328,14.0,Nike,Jeans,M
85.35040623499431,172.50503109009625,31.0,Adidas,Shirt,XL
60.484730378074445,174.85788752318652,14.0,Adidas,Jacket,M
72.02972072162348,157.8017713148076,31.1,Nike,Jacket,L
75.96608193113224,169.5126931825645,27.9,Nike,Jeans,L
51.8,154.3,43.0,Adidas,Shirt,
60.636906344166746,161.271706997558,36.8,Zara,Jeans,
56.28570151834518,159.00668839367395,14.0,Zara,Shirt,S
94.62036903225551,189.04400374126453,16.95530499495147,Uniqlo,Jeans,XXL
,164.77361828729903,22.7,H&M,Jacket,S
59.07305591352972,159.41093998213364,25.5,Adidas,Dress,S
44.62052107397509,151.20031478526502,16.0,,Jeans,XS
82.57009496811499,182.37066466589036,23.9,Nike,Shirt,L
60.44566258242548,164.6531823870202,29.3,Uniqlo,T-Shirt,M
76.66712375639975,175.02361435348126,26.1,Adidas,Dress,M
,154.2333176010182,48.1,Zara,Jacket,S
57.249813105470594,163.20258145021808,32.0,Uniqlo,T-Shirt,S
49.96918898521713,153.74638640815985,34.5,H&M,Jacket,S
64.80771405498118,170.86437371193972,15.6,Zara,T-Shirt,L
83.71909013718421,182.32649386227303,41.2,Adidas,Dress,L
48.53174853346346,153.40196335387023,17.9,Uniqlo,Jeans,XS
61.21213551905279,171.21055185136512,28.3,H&M,Jeans,M
84.50514146654298,172.27014190079836,32.6,Adidas,Jacket,L
55.882600379525606,153.55247272988603,35.1,Adidas,Jacket,S
64.1191587704404,162.36853927941652,15.1,Adidas,T-Shirt,M
56.692562080585425,154.2762991366948,20.3,Adidas,T-Shirt,S
59.33838712955139,166.65905327762408,27.9,Zara,T-Shirt,M
51.009804343199086,156.9385442593603,30.2,Zara,Jeans,S
52.23674265165611,159.32080059451846,30.7,H&M,Shirt,S
46.733391897550035,148.2073973327815,36.0,Nike,Dress,XS
55.7258377950107,155.58304002865668,28.5,H&M,Jeans,
67.18120667034677,167.16334193171883,32.2,Zara,Jacket,M
79.09140783596412,174.75198845801452,45.6,Zara,Jeans,XL
79.14970257466273,178.57344204860377,43.5,Uniqlo,Dress,XL
58.78999489857275,157.48160370153656,30.6,Nike,Shirt,S
50.76906639644953,151.7880326334227,23.7,Uniqlo,Dress,S
58.9,152.0,17.6,Zara,Shirt,
54.25338109332283,161.86759033242782,34.4,Zara,Jacket,S
74.28390211110649,174.80427090535952,43.9,Nike,Jacket,L
48.131488054637664,151.61355329372813,27.97807347566106,H&M,Jacket,XS
98.47202098789577,186.29143346417163,17.0,H&M,Dress,XXL
77.61908631223841,171.2126451756148,25.1,Adidas,Jacket,L
76.7269404433946,184.46624693489895,24.2,Adidas,,XL
89.39146469329536,170.58720296030043,27.4,H&M,Jacket,XL
92.54521642604185,,20.7,Zara,T-Shirt,XXL
68.64458545524111,164.71304762900965,36.6,Adidas,Jeans,M
65.76588492007141,169.44132676874918,19.9,H&M,Jeans,M
81.62258479254126,169.1227120874142,14.0,Uniqlo,Jacket,XL
63.280469337120685,167.53426281592743,47.8,Zara,Shirt,M
57.913873232269985,162.7881109668663,27.0,Adidas,Jeans,S
47.47117282601464,154.08657644169327,42.1,Uniqlo,Jeans,XS
84.27291378655056,171.35294978540782,32.1,Nike,Jeans,L
58.10115002002988,163.94058502388424,26.9,H&M,T-Shirt,M
53.951743509440284,,15.0,Zara,Jeans,S
66.65757996844872,164.41383354766538,14.0,Uniqlo,Shirt,M
60.827893453442755,158.6158435002748,21.4,Zara,Jacket,S
52.815286957650976,161.13701593961179,24.7,Zara,Jeans,S
54.82649046876783,154.4082745208168,26.7,Uniqlo,,S
100.83986522203821,182.23763748185186,36.14166700043425,H&M,Jacket,XXL
79.08571694810674,173.05453822594015,22.4,Zara,T-Shirt,L
92.3342728600107,183.902357373363,33.269273737641626,Nike,Jeans,XXL
71.68422261223036,172.43470665018148,20.3,Adidas,Shirt,L
49.131747660382835,160.39832609596496,31.5,Zara,Jeans,S
61.24007380303638,160.91860308131356,26.6,Nike,Dress,M
70.52719297492344,172.58232224008972,30.5,Adidas,Jeans,M
72.09472834547046,181.44156875313084,27.0,Uniqlo,Jeans,L
93.08177285532828,181.99890131122012,21.1,Adidas,Dress,XL
56.00550803772421,150.97678928616418,20.4,,T-Shirt,S
84.80773220454765,173.5516407411441,17.8,Zara,Dress,L
101.24274977532602,179.5703453862624,20.444595593995743,Nike,Dress,XXL
74.33784804557078,163.76525589505798,26.8,Nike,T-Shirt,M
61.3952463561432,169.52909605752814,24.2,H&M,Shirt,M
105.26549503940807,179.3148893170097,41.79440120721287,Uniqlo,Jeans,XXL
70.43112869502083,167.7318046508545,20.1,Adidas,T-Shirt,M
97.08082600884235,,21.7,Adidas,Jeans,XL
103.43340279726115,184.79682782302518,16.797667929793576,Uniqlo,T-Shirt,XXL
86.0197308900359,172.1121933050868,20.7,Zara,Dress,L
68.23165682787345,168.3182716449365,28.3,Uniqlo,Dress,M
68.69950618959403,168.11697561221305,47.4,H&M,Jacket,M
72.94346067147987,174.42195916458235,25.1,Zara,Jacket,M
66.86187902886844,171.62509773825875,22.1,Nike,T-Shirt,M
89.69824760094201,183.46762126277682,27.305931655554424,Nike,Jeans,XXL
85.23203484323251,190.9353871916757,18.02122107411152,Zara,,XXL
94.56453480257505,191.79268800914645,30.865897874729,Adidas,Jeans,XXL
49.83855328491651,156.76588769276393,30.758045581937264,Nike,Shirt,XS
,178.0572712477453,33.4,Zara,Jeans,XL
50.162674168787696,149.86772802393503,31.17327383308782,Zara,Jacket,XS
61.281128711145385,170.4513851679547,32.7,Adidas,Shirt,L
56.80707143340005,162.4817774919521,25.6,Adidas,Shirt,S
51.513493953989126,155.53360668440519,40.9877685198719,H&M,Shirt,XS
71.6303691110529,185.546725384924,35.0,Zara,Jacket,L
53.04422622088903,161.5441814894548,15.9,H&M,Dress,S
58.973906578358786,165.49351353376284,22.9,,T-Shirt,M
56.93085651063502,155.9033865050081,21.2,Uniqlo,Shirt,S
52.099792723748934,156.99340603831723,37.0,Zara,Jacket,S
49.280911473534296,145.36799966231752,32.0,Nike,Dress,XS
49.72616354662875,151.40036168217702,38.52433334796224,Uniqlo,Jeans,XS
61.091759330694224,164.15328359089685,14.0,Adidas,Shirt,M
59.27001638189036,158.7836971888121,25.9,H&M,Jeans,S
59.534743741402195,167.47389462463084,23.9,Nike,T-Shirt,M
74.15174831952004,169.05548474300736,29.9,Uniqlo,Jeans,L
97.79777283607294,176.67557219675487,38.816397569494505,Adidas,T-Shirt,XXL
67.67540462530584,171.40072743896164,25.1,H&M,T-Shirt,L
96.63755183114436,178.60149334954605,21.69049883588962,Zara,T-Shirt,XXL
69.93642667152042,170.67602205116265,26.2,H&M,Dress,M
53.72530878169153,153.21258286866814,19.4,Nike,T-Shirt,S
64.12882013808029,164.71725705486415,19.9,Nike,T-Shirt,M
96.7099093725955,183.9149955743092,23.48163892197841,Nike,Jeans,XXL
68.05190241528389,161.71416237504798,26.7,Zara,Shirt,M
51.34760479247105,155.1700019119882,19.8,Uniqlo,Jacket,S
84.01585010219235,183.5964342905954,43.1,Zara,Dress,XL
73.17748678774564,169.57141267944542,51.5,Zara,,M
72.49686543892535,172.19569330565503,38.5,Adidas,Shirt,L
89.46324745547206,182.23241756276673,28.720824085192334,,Jacket,XXL
56.09759301926528,157.97133399519862,21.0,Zara,Jeans,S
48.117742950123,157.7761576982903,,Adidas,Jeans,S
67.97311247087325,171.3727846319599,45.6,H&M,Jeans,L
66.222781082805,168.02822718502583,17.7,Uniqlo,Jeans,M
84.34755930152566,175.82039497687393,28.4,H&M,T-Shirt,L
58.893769107032725,158.10581788157467,15.4,Uniqlo,Jacket,S
54.390411169190834,158.55137659215384,38.2,Nike,Shirt,S
43.3121958446544,151.27682849777216,26.1468640313824,Adidas,Dress,XS
56.2,149.8,25.4,Zara,Dress,
59.92468481890717,154.65095271431025,34.2,Nike,T-Shirt,S
54.50696619622013,157.30090170976843,17.0,Nike,Jacket,S
59.06467628026458,170.10186727826607,,Nike,Jacket,M
55.7755540433925,156.84747832808887,32.4,,Dress,S
64.90359227108597,168.3300389340901,,Zara,Shirt,M
74.58342825054063,176.0255279481885,16.2,Zara,Dress,M
97.2977807691278,177.93582016446257,41.792971840638266,Zara,Dress,XXL
94.97780981910977,180.77769008973448,19.62753845673544,Zara,Jacket,XXL
55.11900750808693,159.592709891968,19.1,Adidas,Jacket,S
50.80679578216313,149.93696884596764,27.8,Uniqlo,Shirt,XS
47.2154416688453,154.40465192385315,20.18491348952049,Zara,Jacket,XS
75.68860390831429,170.19953890156367,31.4,Nike,Jeans,L
52.406129145433084,166.92375149351116,36.2,H&M,Shirt,M
93.37862020597318,181.06787351902943,29.5,Zara,Shirt,XL
49.21320823539489,151.61225322013593,34.12931454275624,Adidas,Jacket,XS
56.04204745598909,163.64016793766,40.7,Zara,,S
111.02213042269999,186.00298708646366,32.13979910734222,H&M,Shirt,XXL
64.50795645200722,171.55527882052385,24.1,Zara,Dress,L
71.4,179.0,24.5,Uniqlo,Jeans,
68.92210364316198,173.2506921891001,51.0,Zara,Shirt,M
73.49576517780204,168.56001113050777,37.0,H&M,Jeans,L
60.11342410759002,166.1510062061984,26.5,,T-Shirt,M
60.69417906001015,174.4122069559715,29.7,Adidas,T-Shirt,M
,147.58639496788243,29.6,Adidas,Shirt,
46.843538559878475,155.9319096310679,15.0,H&M,,XS
54.13797710452126,154.72932304004033,16.8,Uniqlo,Jacket,S
97.91136142446568,180.86870296274768,33.840654489393074,Uniqlo,Jeans,XXL
68.06201152864064,160.92854155552203,24.9,Zara,Dress,M
109.44176798627208,190.3471717036988,35.45361078714483,H&M,Jeans,XXXL
101.55828032308209,188.18583955291425,37.64864174145474,,Shirt,XXXL
112.34837605933438,190.94319545286402,32.90575285169389,Zara,Shirt,XXXL
96.24490746109123,186.21408849297043,29.325880643935825,Uniqlo,Jeans,XXXL
106.87412215132632,197.7165967430519,36.331673484241556,Uniqlo,Dress,XXXL
119.72179758032301,187.85391843689493,38.78658121012821,Zara,T-Shirt,XXXL
104.71876555969386,183.33084082532244,39.18963341612531,Zara,T-Shirt,XXXL
104.72498042824674,185.64393319053863,34.39571473827696,H&M,Jeans,XXXL
105.19413723442645,193.09329302727923,29.735687559240056,Adidas,T-Shirt,XXXL
97.99270834504289,187.1575907434958,38.99412810600874,Zara,Jacket,XXXL
104.84771931471757,186.20340005164022,38.20798185572843,Uniqlo,Jacket,XXXL
109.48480933593673,188.50316541244516,27.64762466027091,H&M,Dress,XXXL
106.09189371029133,189.26373216608232,42.59063410030539,Uniqlo,Shirt,XXXL
103.44312922624154,190.4460388991154,41.078638760778055,Adidas,T-Shirt,XXXL
108.87793279683366,183.8989784540806,34.665063762340104,Nike,Dress,XXXL
121.55791282112031,185.04914954831378,,Uniqlo,Jacket,XXXL
119.85277790081071,183.84242540822385,25.28689730621847,Uniqlo,Dress,XXXL
130.25631093961258,187.76815611333484,38.47563778690202,Nike,Dress,XXXL
106.6935853820326,178.24440136404345,30.79644238279449,Nike,Jacket,XXXL
122.37919800384026,183.5306835223834,32.80714914941933,Zara,Shirt,XXXL
127.10672198914247,190.22710636728797,25.968890193381306,Zara,T-Shirt,XXXL
115.61313117972043,180.19824786949215,41.58608200825128,Zara,Jeans,XXXL
107.47522710055279,186.05895801108846,19.86569082891828,H&M,Dress,
100.78393956370971,186.73962450578378,34.61864007298981,Nike,Jacket,XXXL
123.3657121967916,190.27266610086394,37.841561789510514,Nike,T-Shirt,XXXL
102.7228862763364,189.41598762572767,39.89548610378347,H&M,Jeans,XXXL
106.47682112548392,180.00310378321458,38.858023040930135,Uniqlo,T-Shirt,XXXL
120.5560698425182,188.2021805716355,25.24375219595823,Nike,Shirt,
105.64831132845677,186.6814545522227,31.700058642158304,Zara,Dress,XXXL
130.4566060431509,183.49936090963476,29.043734840069448,H&M,Shirt,XXXL
113.71456468130624,190.84220989953337,25.623227628080024,Uniqlo,T-Shirt,XXXL
112.09425138820812,188.04635337351075,20.917788396773574,Nike,Shirt,XXXL
108.1717109473941,192.0846759165358,38.82863161893661,Zara,Jacket,XXXL
113.86980757658645,185.66749493521883,44.43670908721238,Zara,T-Shirt,XXXL
103.85181155388321,193.156869475884,30.428673892182104,Zara,Jeans,XXXL
117.70735732916216,178.24461277459096,41.13262863485428,Adidas,Shirt,XXXL
122.63862504709452,189.93038607926744,39.29290801502616,Adidas,,XXXL
109.76167393941601,186.59961396290277,27.766390872028715,Uniqlo,Jacket,XXXL
118.90730286356914,191.5052675067676,34.08414747576977,Nike,T-Shirt,XXXL
115.92487696868722,186.50991865068204,35.33244250053086,Uniqlo,Jacket,XXXL
118.9000541988729,194.91213967032917,40.91326440989968,Nike,Shirt,XXXL
117.03205821575368,188.37551682266636,35.877723472464396,Adidas,Jeans,XXXL
116.06076801278705,181.84705161180688,,Adidas,Jacket,XXXL
102.20876482044159,182.45908515286408,49.64714917720855,Zara,Shirt,XXXL
105.85056515861187,179.72996647444955,38.11207590336438,Uniqlo,Jeans,XXXL
112.07455143467827,184.52020123500853,27.046222493549582,Uniqlo,Jacket,XXXL
103.52282346570983,190.07706091219592,22.70113882811,Zara,Dress,XXXL
114.72575084784656,,28.02800741109293,Nike,T-Shirt,XXXL
106.92786714670096,194.0375837101867,32.19535087758427,Adidas,Jeans,XXXL
112.83084907216185,182.64420393125368,29.56655503929383,Adidas,T-Shirt,XXXL
112.11559817233326,193.06451243536333,31.19761950766154,H&M,Dress,
130.81710755413474,195.46845820424,26.844153485187128,Zara,Dress,XXXL
109.90105611336686,185.04015058103502,39.44378463987629,Nike,Shirt,XXXL
106.15847116808564,186.33724284652132,26.612844797209267,Nike,T-Shirt,XXXL
114.23692635072848,185.92912107646745,39.31102112600442,Uniqlo,Jacket,XXXL
110.96260059605365,176.234862121616,40.430498518627985,Nike,Jacket,XXXL
105.0710114891174,185.76956506521475,22.970496561183268,Nike,Jeans,XXXL
114.69942339091381,,31.220834676802237,Nike,Shirt,XXXL
117.94502924104863,180.009197069954,42.27420190395671,Zara,Shirt,XXXL
108.65529000383245,198.5546512830271,36.26262587587085,Nike,Jeans,XXXL
124.2935683812305,184.08629509894732,41.93054936678303,Nike,Jeans,XXXL
122.02100771767121,185.58754286152484,43.669657211625236,Nike,Shirt,XXXL
124.28308740864668,183.84371484236175,25.98462877717401,H&M,Jeans,XXXL
103.37563448835121,198.65367003154222,31.510190942634114,Adidas,Dress,XXXL
110.08392026132309,187.8492702765358,37.31453300572474,Nike,Dress,XXXL
105.61818411072844,186.04709498446215,32.73074635108063,Adidas,Jeans,XXXL
110.81072406858642,183.02787447072586,37.64145380561736,H&M,T-Shirt,XXXL
105.14332807618516,182.5875719411703,46.69742412928784,Adidas,Jeans,XXXL
118.2070518387413,187.3265276115665,33.35877458370945,Uniqlo,Jeans,XXXL
105.98001613892212,191.74913290942652,36.70325930715549,H&M,Jacket,XXXL
123.89478011392036,193.35986690875768,33.93293843434139,H&M,Jeans,XXXL
104.05630832760097,186.01964916968976,18.48804967623282,Uniqlo,T-Shirt,XXXL
118.14792613629318,190.13965946489537,28.231231426352913,Uniqlo,Shirt,XXXL
111.51492255543373,188.38767342976573,33.218861044967966,Nike,T-Shirt,XXXL
120.88672078809279,196.25639343388426,31.239531412317014,Nike,Jacket,XXXL
104.13438754315065,183.69905815856555,41.26925152925892,Nike,Shirt,XXXL
127.1451407134158,190.5589915906133,,Nike,Jacket,XXXL
95.00074274527546,190.4312947983357,29.354390177743127,Zara,Shirt,XXXL
108.80196487976616,183.7188078940602,43.44315810246647,H&M,Jacket,XXXL
114.87631626241917,193.66405332260504,30.70425501142408,H&M,Jacket,XXXL
108.2071313009694,191.23037272869365,37.32304605887419,H&M,Dress,XXXL
111.82634155147255,186.8805307071881,31.733070397624324,Zara,T-Shirt,XXXL
100.1828122320382,187.61156811112946,24.114448708809793,H&M,T-Shirt,XXXL
101.85652997075734,,28.634320187968584,Adidas,T-Shirt,XXXL
118.00412853239737,196.63633442720527,21.681447452067715,Nike,Jacket,XXXL
102.83474399345515,186.48605602844898,41.37590541972844,Adidas,T-Shirt,XXXL
109.15820830537803,181.30289991451255,45.781458786470196,Zara,Dress,
110.42199391260154,198.39992809944494,42.181552848428254,Adidas,Jeans,XXXL
112.3234410220681,183.44924949003126,,Adidas,Jacket,
120.41627750382007,185.55963934743002,40.544899732339125,Adidas,Dress,XXXL
118.53657427416145,189.41737245597983,19.319277585826438,Uniqlo,T-Shirt,XXXL
114.04675432846658,184.64776269128313,43.18393212593052,Adidas,T-Shirt,XXXL
116.47233958694163,191.05648881608943,49.800280685935974,Zara,Jacket,XXXL
127.28402171757658,184.79940669145967,40.3099559849439,H&M,Dress,XXXL
119.83284171720321,193.78476929505356,30.912183025806346,H&M,Jeans,XXXL
113.32021299987076,187.3070489916633,41.660562350643445,Adidas,Jacket,XXXL
114.32808984508581,186.02434403481755,35.435918537652014,Zara,Dress,XXXL
120.44743725164004,184.97185430286072,26.653117156652456,Adidas,Jacket,XXXL
121.71282507196524,187.85214518798458,24.11373774636793,Zara,Jacket,XXXL
111.60093041775555,178.74640037301813,33.13097662909249,Zara,Shirt,XXXL
103.63615745316739,181.91318779181185,35.16869566304247,,T-Shirt,XXXL
98.66005937434126,187.36655883153682,18.0,,,XXXL
125.86375538844946,178.14729096316256,58.2762662397512,Nike,T-Shirt,XXXL
114.05342701546627,189.28491175349737,31.436523176189983,Zara,Jeans,XXXL
115.04133726801884,188.05936312892007,45.365586077913264,,Jeans,XXXL
107.94971883292725,178.19518818416535,35.19644158822109,H&M,Jacket,XXXL
103.86283182015536,182.64245689814814,45.13629225885143,Uniqlo,Jeans,XXXL
115.95898036773492,183.94761757516275,52.72700631301877,H&M,Jeans,XXXL
124.49329454056824,189.2246528865947,30.613355084813136,Nike,Shirt,XXXL
116.04121646292626,189.4603703589043,32.2413658390703,Uniqlo,Jacket,
124.08581285165614,190.05921169496364,39.747354949379805,Nike,Jeans,XXXL
104.08344773172166,182.09820397419827,42.825242699586,Adidas,T-Shirt,XXXL
110.04075301399682,189.74807341406975,36.72464039635248,Adidas,Jeans,XXXL
124.88680485981163,181.7035770399556,,H&M,Dress,XXXL
103.0668080810375,192.14154744224845,23.790596760530065,H&M,Jeans,XXXL
98.90648783053888,182.49357653753387,35.69982623834222,Zara,T-Shirt,XXXL
111.43864543128521,189.33318901561256,26.759660651367213,Zara,Jacket,XXXL
102.70181975786055,184.49194712209825,35.01466657404311,Adidas,Jeans,XXXL
111.8871381985205,179.27069958009545,44.69479557803803,H&M,Dress,XXXL
109.38391588255614,194.4352671252132,,,Jeans,XXXL
